[
  {
    "id": "doitpob-bangchan-01",
    "name": "Musicplant",
    "member": "Bang Chan",
    "album": "DO IT",
    "category": "korean_pob",
    "img": null
  },
  {
    "id": "doitpob-bangchan-02",
    "name": "Music Korea",
    "member": "Bang Chan",
    "album": "DO IT",
    "category": "korean_pob",
    "img": null
  },
  {
    "id": "doitpob-bangchan-03",
    "name": "Apple Music",
    "member": "Bang Chan",
    "album": "DO IT",
    "category": "korean_pob",
    "img": null
  },
  {
    "id": "doitpob-bangchan-04",
    "name": "Withmuu",
    "member": "Bang Chan",
    "album": "DO IT",
    "category": "korean_pob",
    "img": null
  },
  {
    "id": "doitpob-bangchan-05",
    "name": "Target",
    "member": "Bang Chan",
    "album": "DO IT",
    "category": "korean_pob",
    "img": null
  },
  {
    "id": "doitpob-bangchan-06",
    "name": "Yes24",
    "member": "Bang Chan",
    "album": "DO IT",
    "category": "korean_pob",
    "img": null
  },
  {
    "id": "doitpob-bangchan-07",
    "name": "Aladdin",
    "member": "Bang Chan",
    "album": "DO IT",
    "category": "korean_pob",
    "img": null
  },
  {
    "id": "doitpob-bangchan-08",
    "name": "BDM",
    "member": "Bang Chan",
    "album": "DO IT",
    "category": "korean_pob",
    "img": null
  },
  {
    "id": "doitpob-bangchan-09",
    "name": "HMV",
    "member": "Bang Chan",
    "album": "DO IT",
    "category": "korean_pob",
    "img": null
  },
  {
    "id": "doitpob-bangchan-10",
    "name": "HMV LD 1",
    "member": "Bang Chan",
    "album": "DO IT",
    "category": "korean_pob",
    "img": null
  },
  {
    "id": "doitpob-bangchan-11",
    "name": "HMV LD 2",
    "member": "Bang Chan",
    "album": "DO IT",
    "category": "korean_pob",
    "img": null
  },
  {
    "id": "doitpob-bangchan-12",
    "name": "Tower Records",
    "member": "Bang Chan",
    "album": "DO IT",
    "category": "korean_pob",
    "img": null
  },
  {
    "id": "doitpob-bangchan-13",
    "name": "Tower Records LD 1",
    "member": "Bang Chan",
    "album": "DO IT",
    "category": "korean_pob",
    "img": null
  },
  {
    "id": "doitpob-bangchan-14",
    "name": "Tower records LD 2",
    "member": "Bang Chan",
    "album": "DO IT",
    "category": "korean_pob",
    "img": null
  },
  {
    "id": "doitpob-bangchan-15",
    "name": "Pre-listening event",
    "member": "Bang Chan",
    "album": "DO IT",
    "category": "korean_pob",
    "img": null
  },
  {
    "id": "doitpob-bangchan-16",
    "name": "Fan Shop",
    "member": "Bang Chan",
    "album": "DO IT",
    "category": "korean_pob",
    "img": null
  },
  {
    "id": "doitpob-bangchan-17",
    "name": "Nemoz",
    "member": "Bang Chan",
    "album": "DO IT",
    "category": "korean_pob",
    "img": null
  },
  {
    "id": "doitpob-bangchan-18",
    "name": "Makestar",
    "member": "Bang Chan",
    "album": "DO IT",
    "category": "korean_pob",
    "img": null
  },
  {
    "id": "doitpob-bangchan-19",
    "name": "DDM",
    "member": "Bang Chan",
    "album": "DO IT",
    "category": "korean_pob",
    "img": null
  },
  {
    "id": "doitpob-bangchan-20",
    "name": "Soundwave",
    "member": "Bang Chan",
    "album": "DO IT",
    "category": "korean_pob",
    "img": null
  },
  {
    "id": "doitpob-bangchan-21",
    "name": "Pop-up LD R1",
    "member": "Bang Chan",
    "album": "DO IT",
    "category": "korean_pob",
    "img": null
  },
  {
    "id": "doitpob-bangchan-22",
    "name": "Pop-up LD R2",
    "member": "Bang Chan",
    "album": "DO IT",
    "category": "korean_pob",
    "img": null
  },
  {
    "id": "doitpob-bangchan-23",
    "name": "JYP Japan",
    "member": "Bang Chan",
    "album": "DO IT",
    "category": "korean_pob",
    "img": null
  },
  {
    "id": "doitpob-bangchan-24",
    "name": "Sony Music",
    "member": "Bang Chan",
    "album": "DO IT",
    "category": "korean_pob",
    "img": null
  },
  {
    "id": "doitpob-leeknow-01",
    "name": "Musicplant",
    "member": "Lee Know",
    "album": "DO IT",
    "category": "korean_pob",
    "img": null
  },
  {
    "id": "doitpob-leeknow-02",
    "name": "Music Korea",
    "member": "Lee Know",
    "album": "DO IT",
    "category": "korean_pob",
    "img": null
  },
  {
    "id": "doitpob-leeknow-03",
    "name": "Apple Music",
    "member": "Lee Know",
    "album": "DO IT",
    "category": "korean_pob",
    "img": null
  },
  {
    "id": "doitpob-leeknow-04",
    "name": "Withmuu",
    "member": "Lee Know",
    "album": "DO IT",
    "category": "korean_pob",
    "img": null
  },
  {
    "id": "doitpob-leeknow-05",
    "name": "Target",
    "member": "Lee Know",
    "album": "DO IT",
    "category": "korean_pob",
    "img": null
  },
  {
    "id": "doitpob-leeknow-06",
    "name": "Yes24",
    "member": "Lee Know",
    "album": "DO IT",
    "category": "korean_pob",
    "img": null
  },
  {
    "id": "doitpob-leeknow-07",
    "name": "Aladdin",
    "member": "Lee Know",
    "album": "DO IT",
    "category": "korean_pob",
    "img": null
  },
  {
    "id": "doitpob-leeknow-08",
    "name": "BDM",
    "member": "Lee Know",
    "album": "DO IT",
    "category": "korean_pob",
    "img": null
  },
  {
    "id": "doitpob-leeknow-09",
    "name": "HMV",
    "member": "Lee Know",
    "album": "DO IT",
    "category": "korean_pob",
    "img": null
  },
  {
    "id": "doitpob-leeknow-10",
    "name": "HMV LD 1",
    "member": "Lee Know",
    "album": "DO IT",
    "category": "korean_pob",
    "img": null
  },
  {
    "id": "doitpob-leeknow-11",
    "name": "HMV LD 2",
    "member": "Lee Know",
    "album": "DO IT",
    "category": "korean_pob",
    "img": null
  },
  {
    "id": "doitpob-leeknow-12",
    "name": "Tower Records",
    "member": "Lee Know",
    "album": "DO IT",
    "category": "korean_pob",
    "img": null
  },
  {
    "id": "doitpob-leeknow-13",
    "name": "Tower Records LD 1",
    "member": "Lee Know",
    "album": "DO IT",
    "category": "korean_pob",
    "img": null
  },
  {
    "id": "doitpob-leeknow-14",
    "name": "Tower records LD 2",
    "member": "Lee Know",
    "album": "DO IT",
    "category": "korean_pob",
    "img": null
  },
  {
    "id": "doitpob-leeknow-15",
    "name": "Pre-listening event",
    "member": "Lee Know",
    "album": "DO IT",
    "category": "korean_pob",
    "img": null
  },
  {
    "id": "doitpob-leeknow-16",
    "name": "Fan Shop",
    "member": "Lee Know",
    "album": "DO IT",
    "category": "korean_pob",
    "img": null
  },
  {
    "id": "doitpob-leeknow-17",
    "name": "Nemoz",
    "member": "Lee Know",
    "album": "DO IT",
    "category": "korean_pob",
    "img": null
  },
  {
    "id": "doitpob-leeknow-18",
    "name": "Makestar",
    "member": "Lee Know",
    "album": "DO IT",
    "category": "korean_pob",
    "img": null
  },
  {
    "id": "doitpob-leeknow-19",
    "name": "DDM",
    "member": "Lee Know",
    "album": "DO IT",
    "category": "korean_pob",
    "img": null
  },
  {
    "id": "doitpob-leeknow-20",
    "name": "Soundwave",
    "member": "Lee Know",
    "album": "DO IT",
    "category": "korean_pob",
    "img": null
  },
  {
    "id": "doitpob-leeknow-21",
    "name": "Pop-up LD R1",
    "member": "Lee Know",
    "album": "DO IT",
    "category": "korean_pob",
    "img": null
  },
  {
    "id": "doitpob-leeknow-22",
    "name": "Pop-up LD R2",
    "member": "Lee Know",
    "album": "DO IT",
    "category": "korean_pob",
    "img": null
  },
  {
    "id": "doitpob-leeknow-23",
    "name": "JYP Japan",
    "member": "Lee Know",
    "album": "DO IT",
    "category": "korean_pob",
    "img": null
  },
  {
    "id": "doitpob-leeknow-24",
    "name": "Sony Music",
    "member": "Lee Know",
    "album": "DO IT",
    "category": "korean_pob",
    "img": null
  },
  {
    "id": "doitpob-changbin-01",
    "name": "Musicplant",
    "member": "Changbin",
    "album": "DO IT",
    "category": "korean_pob",
    "img": null
  },
  {
    "id": "doitpob-changbin-02",
    "name": "Music Korea",
    "member": "Changbin",
    "album": "DO IT",
    "category": "korean_pob",
    "img": null
  },
  {
    "id": "doitpob-changbin-03",
    "name": "Apple Music",
    "member": "Changbin",
    "album": "DO IT",
    "category": "korean_pob",
    "img": null
  },
  {
    "id": "doitpob-changbin-04",
    "name": "Withmuu",
    "member": "Changbin",
    "album": "DO IT",
    "category": "korean_pob",
    "img": null
  },
  {
    "id": "doitpob-changbin-05",
    "name": "Target",
    "member": "Changbin",
    "album": "DO IT",
    "category": "korean_pob",
    "img": null
  },
  {
    "id": "doitpob-changbin-06",
    "name": "Yes24",
    "member": "Changbin",
    "album": "DO IT",
    "category": "korean_pob",
    "img": null
  },
  {
    "id": "doitpob-changbin-07",
    "name": "Aladdin",
    "member": "Changbin",
    "album": "DO IT",
    "category": "korean_pob",
    "img": null
  },
  {
    "id": "doitpob-changbin-08",
    "name": "BDM",
    "member": "Changbin",
    "album": "DO IT",
    "category": "korean_pob",
    "img": null
  },
  {
    "id": "doitpob-changbin-09",
    "name": "HMV",
    "member": "Changbin",
    "album": "DO IT",
    "category": "korean_pob",
    "img": null
  },
  {
    "id": "doitpob-changbin-10",
    "name": "HMV LD 1",
    "member": "Changbin",
    "album": "DO IT",
    "category": "korean_pob",
    "img": null
  },
  {
    "id": "doitpob-changbin-11",
    "name": "HMV LD 2",
    "member": "Changbin",
    "album": "DO IT",
    "category": "korean_pob",
    "img": null
  },
  {
    "id": "doitpob-changbin-12",
    "name": "Tower Records",
    "member": "Changbin",
    "album": "DO IT",
    "category": "korean_pob",
    "img": null
  },
  {
    "id": "doitpob-changbin-13",
    "name": "Tower Records LD 1",
    "member": "Changbin",
    "album": "DO IT",
    "category": "korean_pob",
    "img": null
  },
  {
    "id": "doitpob-changbin-14",
    "name": "Tower records LD 2",
    "member": "Changbin",
    "album": "DO IT",
    "category": "korean_pob",
    "img": null
  },
  {
    "id": "doitpob-changbin-15",
    "name": "Pre-listening event",
    "member": "Changbin",
    "album": "DO IT",
    "category": "korean_pob",
    "img": null
  },
  {
    "id": "doitpob-changbin-16",
    "name": "Fan Shop",
    "member": "Changbin",
    "album": "DO IT",
    "category": "korean_pob",
    "img": null
  },
  {
    "id": "doitpob-changbin-17",
    "name": "Nemoz",
    "member": "Changbin",
    "album": "DO IT",
    "category": "korean_pob",
    "img": null
  },
  {
    "id": "doitpob-changbin-18",
    "name": "Makestar",
    "member": "Changbin",
    "album": "DO IT",
    "category": "korean_pob",
    "img": null
  },
  {
    "id": "doitpob-changbin-19",
    "name": "DDM",
    "member": "Changbin",
    "album": "DO IT",
    "category": "korean_pob",
    "img": null
  },
  {
    "id": "doitpob-changbin-20",
    "name": "Soundwave",
    "member": "Changbin",
    "album": "DO IT",
    "category": "korean_pob",
    "img": null
  },
  {
    "id": "doitpob-changbin-21",
    "name": "Pop-up LD R1",
    "member": "Changbin",
    "album": "DO IT",
    "category": "korean_pob",
    "img": null
  },
  {
    "id": "doitpob-changbin-22",
    "name": "Pop-up LD R2",
    "member": "Changbin",
    "album": "DO IT",
    "category": "korean_pob",
    "img": null
  },
  {
    "id": "doitpob-changbin-23",
    "name": "JYP Japan",
    "member": "Changbin",
    "album": "DO IT",
    "category": "korean_pob",
    "img": null
  },
  {
    "id": "doitpob-changbin-24",
    "name": "Sony Music",
    "member": "Changbin",
    "album": "DO IT",
    "category": "korean_pob",
    "img": null
  },
  {
    "id": "doitpob-hyunjin-01",
    "name": "Musicplant",
    "member": "Hyunjin",
    "album": "DO IT",
    "category": "korean_pob",
    "img": null
  },
  {
    "id": "doitpob-hyunjin-02",
    "name": "Music Korea",
    "member": "Hyunjin",
    "album": "DO IT",
    "category": "korean_pob",
    "img": null
  },
  {
    "id": "doitpob-hyunjin-03",
    "name": "Apple Music",
    "member": "Hyunjin",
    "album": "DO IT",
    "category": "korean_pob",
    "img": null
  },
  {
    "id": "doitpob-hyunjin-04",
    "name": "Withmuu",
    "member": "Hyunjin",
    "album": "DO IT",
    "category": "korean_pob",
    "img": null
  },
  {
    "id": "doitpob-hyunjin-05",
    "name": "Target",
    "member": "Hyunjin",
    "album": "DO IT",
    "category": "korean_pob",
    "img": null
  },
  {
    "id": "doitpob-hyunjin-06",
    "name": "Yes24",
    "member": "Hyunjin",
    "album": "DO IT",
    "category": "korean_pob",
    "img": null
  },
  {
    "id": "doitpob-hyunjin-07",
    "name": "Aladdin",
    "member": "Hyunjin",
    "album": "DO IT",
    "category": "korean_pob",
    "img": null
  },
  {
    "id": "doitpob-hyunjin-08",
    "name": "BDM",
    "member": "Hyunjin",
    "album": "DO IT",
    "category": "korean_pob",
    "img": null
  },
  {
    "id": "doitpob-hyunjin-09",
    "name": "HMV",
    "member": "Hyunjin",
    "album": "DO IT",
    "category": "korean_pob",
    "img": null
  },
  {
    "id": "doitpob-hyunjin-10",
    "name": "HMV LD 1",
    "member": "Hyunjin",
    "album": "DO IT",
    "category": "korean_pob",
    "img": null
  },
  {
    "id": "doitpob-hyunjin-11",
    "name": "HMV LD 2",
    "member": "Hyunjin",
    "album": "DO IT",
    "category": "korean_pob",
    "img": null
  },
  {
    "id": "doitpob-hyunjin-12",
    "name": "Tower Records",
    "member": "Hyunjin",
    "album": "DO IT",
    "category": "korean_pob",
    "img": null
  },
  {
    "id": "doitpob-hyunjin-13",
    "name": "Tower Records LD 1",
    "member": "Hyunjin",
    "album": "DO IT",
    "category": "korean_pob",
    "img": null
  },
  {
    "id": "doitpob-hyunjin-14",
    "name": "Tower records LD 2",
    "member": "Hyunjin",
    "album": "DO IT",
    "category": "korean_pob",
    "img": null
  },
  {
    "id": "doitpob-hyunjin-15",
    "name": "Pre-listening event",
    "member": "Hyunjin",
    "album": "DO IT",
    "category": "korean_pob",
    "img": null
  },
  {
    "id": "doitpob-hyunjin-16",
    "name": "Fan Shop",
    "member": "Hyunjin",
    "album": "DO IT",
    "category": "korean_pob",
    "img": null
  },
  {
    "id": "doitpob-hyunjin-17",
    "name": "Nemoz",
    "member": "Hyunjin",
    "album": "DO IT",
    "category": "korean_pob",
    "img": null
  },
  {
    "id": "doitpob-hyunjin-18",
    "name": "Makestar",
    "member": "Hyunjin",
    "album": "DO IT",
    "category": "korean_pob",
    "img": null
  },
  {
    "id": "doitpob-hyunjin-19",
    "name": "DDM",
    "member": "Hyunjin",
    "album": "DO IT",
    "category": "korean_pob",
    "img": null
  },
  {
    "id": "doitpob-hyunjin-20",
    "name": "Soundwave",
    "member": "Hyunjin",
    "album": "DO IT",
    "category": "korean_pob",
    "img": null
  },
  {
    "id": "doitpob-hyunjin-21",
    "name": "Pop-up LD R1",
    "member": "Hyunjin",
    "album": "DO IT",
    "category": "korean_pob",
    "img": null
  },
  {
    "id": "doitpob-hyunjin-22",
    "name": "Pop-up LD R2",
    "member": "Hyunjin",
    "album": "DO IT",
    "category": "korean_pob",
    "img": null
  },
  {
    "id": "doitpob-hyunjin-23",
    "name": "JYP Japan",
    "member": "Hyunjin",
    "album": "DO IT",
    "category": "korean_pob",
    "img": null
  },
  {
    "id": "doitpob-hyunjin-24",
    "name": "Sony Music",
    "member": "Hyunjin",
    "album": "DO IT",
    "category": "korean_pob",
    "img": null
  },
  {
    "id": "doitpob-han-01",
    "name": "Musicplant",
    "member": "HAN",
    "album": "DO IT",
    "category": "korean_pob",
    "img": null
  },
  {
    "id": "doitpob-han-02",
    "name": "Music Korea",
    "member": "HAN",
    "album": "DO IT",
    "category": "korean_pob",
    "img": null
  },
  {
    "id": "doitpob-han-03",
    "name": "Apple Music",
    "member": "HAN",
    "album": "DO IT",
    "category": "korean_pob",
    "img": null
  },
  {
    "id": "doitpob-han-04",
    "name": "Withmuu",
    "member": "HAN",
    "album": "DO IT",
    "category": "korean_pob",
    "img": null
  },
  {
    "id": "doitpob-han-05",
    "name": "Target",
    "member": "HAN",
    "album": "DO IT",
    "category": "korean_pob",
    "img": null
  },
  {
    "id": "doitpob-han-06",
    "name": "Yes24",
    "member": "HAN",
    "album": "DO IT",
    "category": "korean_pob",
    "img": null
  },
  {
    "id": "doitpob-han-07",
    "name": "Aladdin",
    "member": "HAN",
    "album": "DO IT",
    "category": "korean_pob",
    "img": null
  },
  {
    "id": "doitpob-han-08",
    "name": "BDM",
    "member": "HAN",
    "album": "DO IT",
    "category": "korean_pob",
    "img": null
  },
  {
    "id": "doitpob-han-09",
    "name": "HMV",
    "member": "HAN",
    "album": "DO IT",
    "category": "korean_pob",
    "img": null
  },
  {
    "id": "doitpob-han-10",
    "name": "HMV LD 1",
    "member": "HAN",
    "album": "DO IT",
    "category": "korean_pob",
    "img": null
  },
  {
    "id": "doitpob-han-11",
    "name": "HMV LD 2",
    "member": "HAN",
    "album": "DO IT",
    "category": "korean_pob",
    "img": null
  },
  {
    "id": "doitpob-han-12",
    "name": "Tower Records",
    "member": "HAN",
    "album": "DO IT",
    "category": "korean_pob",
    "img": null
  },
  {
    "id": "doitpob-han-13",
    "name": "Tower Records LD 1",
    "member": "HAN",
    "album": "DO IT",
    "category": "korean_pob",
    "img": null
  },
  {
    "id": "doitpob-han-14",
    "name": "Tower records LD 2",
    "member": "HAN",
    "album": "DO IT",
    "category": "korean_pob",
    "img": null
  },
  {
    "id": "doitpob-han-15",
    "name": "Pre-listening event",
    "member": "HAN",
    "album": "DO IT",
    "category": "korean_pob",
    "img": null
  },
  {
    "id": "doitpob-han-16",
    "name": "Fan Shop",
    "member": "HAN",
    "album": "DO IT",
    "category": "korean_pob",
    "img": null
  },
  {
    "id": "doitpob-han-17",
    "name": "Nemoz",
    "member": "HAN",
    "album": "DO IT",
    "category": "korean_pob",
    "img": null
  },
  {
    "id": "doitpob-han-18",
    "name": "Makestar",
    "member": "HAN",
    "album": "DO IT",
    "category": "korean_pob",
    "img": null
  },
  {
    "id": "doitpob-han-19",
    "name": "DDM",
    "member": "HAN",
    "album": "DO IT",
    "category": "korean_pob",
    "img": null
  },
  {
    "id": "doitpob-han-20",
    "name": "Soundwave",
    "member": "HAN",
    "album": "DO IT",
    "category": "korean_pob",
    "img": null
  },
  {
    "id": "doitpob-han-21",
    "name": "Pop-up LD R1",
    "member": "HAN",
    "album": "DO IT",
    "category": "korean_pob",
    "img": null
  },
  {
    "id": "doitpob-han-22",
    "name": "Pop-up LD R2",
    "member": "HAN",
    "album": "DO IT",
    "category": "korean_pob",
    "img": null
  },
  {
    "id": "doitpob-han-23",
    "name": "JYP Japan",
    "member": "HAN",
    "album": "DO IT",
    "category": "korean_pob",
    "img": null
  },
  {
    "id": "doitpob-han-24",
    "name": "Sony Music",
    "member": "HAN",
    "album": "DO IT",
    "category": "korean_pob",
    "img": null
  },
  {
    "id": "doitpob-felix-01",
    "name": "Musicplant",
    "member": "Felix",
    "album": "DO IT",
    "category": "korean_pob",
    "img": null
  },
  {
    "id": "doitpob-felix-02",
    "name": "Music Korea",
    "member": "Felix",
    "album": "DO IT",
    "category": "korean_pob",
    "img": null
  },
  {
    "id": "doitpob-felix-03",
    "name": "Apple Music",
    "member": "Felix",
    "album": "DO IT",
    "category": "korean_pob",
    "img": null
  },
  {
    "id": "doitpob-felix-04",
    "name": "Withmuu",
    "member": "Felix",
    "album": "DO IT",
    "category": "korean_pob",
    "img": null
  },
  {
    "id": "doitpob-felix-05",
    "name": "Target",
    "member": "Felix",
    "album": "DO IT",
    "category": "korean_pob",
    "img": null
  },
  {
    "id": "doitpob-felix-06",
    "name": "Yes24",
    "member": "Felix",
    "album": "DO IT",
    "category": "korean_pob",
    "img": null
  },
  {
    "id": "doitpob-felix-07",
    "name": "Aladdin",
    "member": "Felix",
    "album": "DO IT",
    "category": "korean_pob",
    "img": null
  },
  {
    "id": "doitpob-felix-08",
    "name": "BDM",
    "member": "Felix",
    "album": "DO IT",
    "category": "korean_pob",
    "img": null
  },
  {
    "id": "doitpob-felix-09",
    "name": "HMV",
    "member": "Felix",
    "album": "DO IT",
    "category": "korean_pob",
    "img": null
  },
  {
    "id": "doitpob-felix-10",
    "name": "HMV LD 1",
    "member": "Felix",
    "album": "DO IT",
    "category": "korean_pob",
    "img": null
  },
  {
    "id": "doitpob-felix-11",
    "name": "HMV LD 2",
    "member": "Felix",
    "album": "DO IT",
    "category": "korean_pob",
    "img": null
  },
  {
    "id": "doitpob-felix-12",
    "name": "Tower Records",
    "member": "Felix",
    "album": "DO IT",
    "category": "korean_pob",
    "img": null
  },
  {
    "id": "doitpob-felix-13",
    "name": "Tower Records LD 1",
    "member": "Felix",
    "album": "DO IT",
    "category": "korean_pob",
    "img": null
  },
  {
    "id": "doitpob-felix-14",
    "name": "Tower records LD 2",
    "member": "Felix",
    "album": "DO IT",
    "category": "korean_pob",
    "img": null
  },
  {
    "id": "doitpob-felix-15",
    "name": "Pre-listening event",
    "member": "Felix",
    "album": "DO IT",
    "category": "korean_pob",
    "img": null
  },
  {
    "id": "doitpob-felix-16",
    "name": "Fan Shop",
    "member": "Felix",
    "album": "DO IT",
    "category": "korean_pob",
    "img": null
  },
  {
    "id": "doitpob-felix-17",
    "name": "Nemoz",
    "member": "Felix",
    "album": "DO IT",
    "category": "korean_pob",
    "img": null
  },
  {
    "id": "doitpob-felix-18",
    "name": "Makestar",
    "member": "Felix",
    "album": "DO IT",
    "category": "korean_pob",
    "img": null
  },
  {
    "id": "doitpob-felix-19",
    "name": "DDM",
    "member": "Felix",
    "album": "DO IT",
    "category": "korean_pob",
    "img": null
  },
  {
    "id": "doitpob-felix-20",
    "name": "Soundwave",
    "member": "Felix",
    "album": "DO IT",
    "category": "korean_pob",
    "img": null
  },
  {
    "id": "doitpob-felix-21",
    "name": "Pop-up LD R1",
    "member": "Felix",
    "album": "DO IT",
    "category": "korean_pob",
    "img": null
  },
  {
    "id": "doitpob-felix-22",
    "name": "Pop-up LD R2",
    "member": "Felix",
    "album": "DO IT",
    "category": "korean_pob",
    "img": null
  },
  {
    "id": "doitpob-felix-23",
    "name": "JYP Japan",
    "member": "Felix",
    "album": "DO IT",
    "category": "korean_pob",
    "img": null
  },
  {
    "id": "doitpob-felix-24",
    "name": "Sony Music",
    "member": "Felix",
    "album": "DO IT",
    "category": "korean_pob",
    "img": null
  },
  {
    "id": "doitpob-seungmin-01",
    "name": "Musicplant",
    "member": "Seungmin",
    "album": "DO IT",
    "category": "korean_pob",
    "img": null
  },
  {
    "id": "doitpob-seungmin-02",
    "name": "Music Korea",
    "member": "Seungmin",
    "album": "DO IT",
    "category": "korean_pob",
    "img": null
  },
  {
    "id": "doitpob-seungmin-03",
    "name": "Apple Music",
    "member": "Seungmin",
    "album": "DO IT",
    "category": "korean_pob",
    "img": null
  },
  {
    "id": "doitpob-seungmin-04",
    "name": "Withmuu",
    "member": "Seungmin",
    "album": "DO IT",
    "category": "korean_pob",
    "img": null
  },
  {
    "id": "doitpob-seungmin-05",
    "name": "Target",
    "member": "Seungmin",
    "album": "DO IT",
    "category": "korean_pob",
    "img": null
  },
  {
    "id": "doitpob-seungmin-06",
    "name": "Yes24",
    "member": "Seungmin",
    "album": "DO IT",
    "category": "korean_pob",
    "img": null
  },
  {
    "id": "doitpob-seungmin-07",
    "name": "Aladdin",
    "member": "Seungmin",
    "album": "DO IT",
    "category": "korean_pob",
    "img": null
  },
  {
    "id": "doitpob-seungmin-08",
    "name": "BDM",
    "member": "Seungmin",
    "album": "DO IT",
    "category": "korean_pob",
    "img": null
  },
  {
    "id": "doitpob-seungmin-09",
    "name": "HMV",
    "member": "Seungmin",
    "album": "DO IT",
    "category": "korean_pob",
    "img": null
  },
  {
    "id": "doitpob-seungmin-10",
    "name": "HMV LD 1",
    "member": "Seungmin",
    "album": "DO IT",
    "category": "korean_pob",
    "img": null
  },
  {
    "id": "doitpob-seungmin-11",
    "name": "HMV LD 2",
    "member": "Seungmin",
    "album": "DO IT",
    "category": "korean_pob",
    "img": null
  },
  {
    "id": "doitpob-seungmin-12",
    "name": "Tower Records",
    "member": "Seungmin",
    "album": "DO IT",
    "category": "korean_pob",
    "img": null
  },
  {
    "id": "doitpob-seungmin-13",
    "name": "Tower Records LD 1",
    "member": "Seungmin",
    "album": "DO IT",
    "category": "korean_pob",
    "img": null
  },
  {
    "id": "doitpob-seungmin-14",
    "name": "Tower records LD 2",
    "member": "Seungmin",
    "album": "DO IT",
    "category": "korean_pob",
    "img": null
  },
  {
    "id": "doitpob-seungmin-15",
    "name": "Pre-listening event",
    "member": "Seungmin",
    "album": "DO IT",
    "category": "korean_pob",
    "img": null
  },
  {
    "id": "doitpob-seungmin-16",
    "name": "Fan Shop",
    "member": "Seungmin",
    "album": "DO IT",
    "category": "korean_pob",
    "img": null
  },
  {
    "id": "doitpob-seungmin-17",
    "name": "Nemoz",
    "member": "Seungmin",
    "album": "DO IT",
    "category": "korean_pob",
    "img": null
  },
  {
    "id": "doitpob-seungmin-18",
    "name": "Makestar",
    "member": "Seungmin",
    "album": "DO IT",
    "category": "korean_pob",
    "img": null
  },
  {
    "id": "doitpob-seungmin-19",
    "name": "DDM",
    "member": "Seungmin",
    "album": "DO IT",
    "category": "korean_pob",
    "img": null
  },
  {
    "id": "doitpob-seungmin-20",
    "name": "Soundwave",
    "member": "Seungmin",
    "album": "DO IT",
    "category": "korean_pob",
    "img": null
  },
  {
    "id": "doitpob-seungmin-21",
    "name": "Pop-up LD R1",
    "member": "Seungmin",
    "album": "DO IT",
    "category": "korean_pob",
    "img": null
  },
  {
    "id": "doitpob-seungmin-22",
    "name": "Pop-up LD R2",
    "member": "Seungmin",
    "album": "DO IT",
    "category": "korean_pob",
    "img": null
  },
  {
    "id": "doitpob-seungmin-23",
    "name": "JYP Japan",
    "member": "Seungmin",
    "album": "DO IT",
    "category": "korean_pob",
    "img": null
  },
  {
    "id": "doitpob-seungmin-24",
    "name": "Sony Music",
    "member": "Seungmin",
    "album": "DO IT",
    "category": "korean_pob",
    "img": null
  },
  {
    "id": "doitpob-in-01",
    "name": "Musicplant",
    "member": "I.N.",
    "album": "DO IT",
    "category": "korean_pob",
    "img": null
  },
  {
    "id": "doitpob-in-02",
    "name": "Music Korea",
    "member": "I.N.",
    "album": "DO IT",
    "category": "korean_pob",
    "img": null
  },
  {
    "id": "doitpob-in-03",
    "name": "Apple Music",
    "member": "I.N.",
    "album": "DO IT",
    "category": "korean_pob",
    "img": null
  },
  {
    "id": "doitpob-in-04",
    "name": "Withmuu",
    "member": "I.N.",
    "album": "DO IT",
    "category": "korean_pob",
    "img": null
  },
  {
    "id": "doitpob-in-05",
    "name": "Target",
    "member": "I.N.",
    "album": "DO IT",
    "category": "korean_pob",
    "img": null
  },
  {
    "id": "doitpob-in-06",
    "name": "Yes24",
    "member": "I.N.",
    "album": "DO IT",
    "category": "korean_pob",
    "img": null
  },
  {
    "id": "doitpob-in-07",
    "name": "Aladdin",
    "member": "I.N.",
    "album": "DO IT",
    "category": "korean_pob",
    "img": null
  },
  {
    "id": "doitpob-in-08",
    "name": "BDM",
    "member": "I.N.",
    "album": "DO IT",
    "category": "korean_pob",
    "img": null
  },
  {
    "id": "doitpob-in-09",
    "name": "HMV",
    "member": "I.N.",
    "album": "DO IT",
    "category": "korean_pob",
    "img": null
  },
  {
    "id": "doitpob-in-10",
    "name": "HMV LD 1",
    "member": "I.N.",
    "album": "DO IT",
    "category": "korean_pob",
    "img": null
  },
  {
    "id": "doitpob-in-11",
    "name": "HMV LD 2",
    "member": "I.N.",
    "album": "DO IT",
    "category": "korean_pob",
    "img": null
  },
  {
    "id": "doitpob-in-12",
    "name": "Tower Records",
    "member": "I.N.",
    "album": "DO IT",
    "category": "korean_pob",
    "img": null
  },
  {
    "id": "doitpob-in-13",
    "name": "Tower Records LD 1",
    "member": "I.N.",
    "album": "DO IT",
    "category": "korean_pob",
    "img": null
  },
  {
    "id": "doitpob-in-14",
    "name": "Tower records LD 2",
    "member": "I.N.",
    "album": "DO IT",
    "category": "korean_pob",
    "img": null
  },
  {
    "id": "doitpob-in-15",
    "name": "Pre-listening event",
    "member": "I.N.",
    "album": "DO IT",
    "category": "korean_pob",
    "img": null
  },
  {
    "id": "doitpob-in-16",
    "name": "Fan Shop",
    "member": "I.N.",
    "album": "DO IT",
    "category": "korean_pob",
    "img": null
  },
  {
    "id": "doitpob-in-17",
    "name": "Nemoz",
    "member": "I.N.",
    "album": "DO IT",
    "category": "korean_pob",
    "img": null
  },
  {
    "id": "doitpob-in-18",
    "name": "Makestar",
    "member": "I.N.",
    "album": "DO IT",
    "category": "korean_pob",
    "img": null
  },
  {
    "id": "doitpob-in-19",
    "name": "DDM",
    "member": "I.N.",
    "album": "DO IT",
    "category": "korean_pob",
    "img": null
  },
  {
    "id": "doitpob-in-20",
    "name": "Soundwave",
    "member": "I.N.",
    "album": "DO IT",
    "category": "korean_pob",
    "img": null
  },
  {
    "id": "doitpob-in-21",
    "name": "Pop-up LD R1",
    "member": "I.N.",
    "album": "DO IT",
    "category": "korean_pob",
    "img": null
  },
  {
    "id": "doitpob-in-22",
    "name": "Pop-up LD R2",
    "member": "I.N.",
    "album": "DO IT",
    "category": "korean_pob",
    "img": null
  },
  {
    "id": "doitpob-in-23",
    "name": "JYP Japan",
    "member": "I.N.",
    "album": "DO IT",
    "category": "korean_pob",
    "img": null
  },
  {
    "id": "doitpob-in-24",
    "name": "Sony Music",
    "member": "I.N.",
    "album": "DO IT",
    "category": "korean_pob",
    "img": null
  },
  {
    "id": "doitpob-unit-01",
    "name": "Walmart Bang Chan Seungmin",
    "member": "UNIT",
    "album": "DO IT",
    "category": "korean_pob",
    "img": null
  },
  {
    "id": "doitpob-unit-02",
    "name": "Walmart Lee Know Hyunjin",
    "member": "UNIT",
    "album": "DO IT",
    "category": "korean_pob",
    "img": null
  },
  {
    "id": "doitpob-unit-03",
    "name": "Walmart Changbin I.N.",
    "member": "UNIT",
    "album": "DO IT",
    "category": "korean_pob",
    "img": null
  },
  {
    "id": "doitpob-unit-04",
    "name": "Walmart HAN Felix",
    "member": "UNIT",
    "album": "DO IT",
    "category": "korean_pob",
    "img": null
  },
  {
    "id": "doitpob-unit-05",
    "name": "Barnes&Noble Bang Chan HAN",
    "member": "UNIT",
    "album": "DO IT",
    "category": "korean_pob",
    "img": null
  },
  {
    "id": "doitpob-unit-06",
    "name": "Barnes&Noble Lee Know I.N.",
    "member": "UNIT",
    "album": "DO IT",
    "category": "korean_pob",
    "img": null
  },
  {
    "id": "doitpob-unit-07",
    "name": "Barnes&Noble Changbin Hyunjin",
    "member": "UNIT",
    "album": "DO IT",
    "category": "korean_pob",
    "img": null
  },
  {
    "id": "doitpob-unit-08",
    "name": "Barnes&Noble Felix Seungmin",
    "member": "UNIT",
    "album": "DO IT",
    "category": "korean_pob",
    "img": null
  },
  {
    "id": "karmapob-bangchan-01",
    "name": "Aladdin",
    "member": "Bang Chan",
    "album": "Karma",
    "category": "korean_pob",
    "img": null
  },
  {
    "id": "karmapob-bangchan-02",
    "name": "BDM ",
    "member": "Bang Chan",
    "album": "Karma",
    "category": "korean_pob",
    "img": null
  },
  {
    "id": "karmapob-bangchan-03",
    "name": "Fans Shop ",
    "member": "Bang Chan",
    "album": "Karma",
    "category": "korean_pob",
    "img": null
  },
  {
    "id": "karmapob-bangchan-04",
    "name": "Skzoo",
    "member": "Bang Chan",
    "album": "Karma",
    "category": "korean_pob",
    "img": null
  },
  {
    "id": "karmapob-bangchan-05",
    "name": "Music Korea",
    "member": "Bang Chan",
    "album": "Karma",
    "category": "korean_pob",
    "img": null
  },
  {
    "id": "karmapob-bangchan-06",
    "name": "Music Plant",
    "member": "Bang Chan",
    "album": "Karma",
    "category": "korean_pob",
    "img": null
  },
  {
    "id": "karmapob-bangchan-07",
    "name": "Soundwave ",
    "member": "Bang Chan",
    "album": "Karma",
    "category": "korean_pob",
    "img": null
  },
  {
    "id": "karmapob-bangchan-08",
    "name": "Yes24",
    "member": "Bang Chan",
    "album": "Karma",
    "category": "korean_pob",
    "img": null
  },
  {
    "id": "karmapob-bangchan-09",
    "name": "Target ",
    "member": "Bang Chan",
    "album": "Karma",
    "category": "korean_pob",
    "img": null
  },
  {
    "id": "karmapob-bangchan-10",
    "name": "Barnes&Noble",
    "member": "Bang Chan",
    "album": "Karma",
    "category": "korean_pob",
    "img": null
  },
  {
    "id": "karmapob-bangchan-11",
    "name": "Withmuu",
    "member": "Bang Chan",
    "album": "Karma",
    "category": "korean_pob",
    "img": null
  },
  {
    "id": "karmapob-bangchan-12",
    "name": "Makestar",
    "member": "Bang Chan",
    "album": "Karma",
    "category": "korean_pob",
    "img": null
  },
  {
    "id": "karmapob-bangchan-13",
    "name": "Everline",
    "member": "Bang Chan",
    "album": "Karma",
    "category": "korean_pob",
    "img": null
  },
  {
    "id": "karmapob-bangchan-14",
    "name": "Dear My Muse",
    "member": "Bang Chan",
    "album": "Karma",
    "category": "korean_pob",
    "img": null
  },
  {
    "id": "karmapob-bangchan-15",
    "name": "Apple Music",
    "member": "Bang Chan",
    "album": "Karma",
    "category": "korean_pob",
    "img": null
  },
  {
    "id": "karmapob-bangchan-16",
    "name": "Starriver",
    "member": "Bang Chan",
    "album": "Karma",
    "category": "korean_pob",
    "img": null
  },
  {
    "id": "karmapob-bangchan-17",
    "name": "KMStation",
    "member": "Bang Chan",
    "album": "Karma",
    "category": "korean_pob",
    "img": null
  },
  {
    "id": "karmapob-bangchan-18",
    "name": "Counting Stars",
    "member": "Bang Chan",
    "album": "Karma",
    "category": "korean_pob",
    "img": null
  },
  {
    "id": "karmapob-bangchan-19",
    "name": "Fans Pre-Listening",
    "member": "Bang Chan",
    "album": "Karma",
    "category": "korean_pob",
    "img": null
  },
  {
    "id": "karmapob-bangchan-20",
    "name": "Soundwave LD R1",
    "member": "Bang Chan",
    "album": "Karma",
    "category": "korean_pob",
    "img": null
  },
  {
    "id": "karmapob-bangchan-21",
    "name": "Soundwave LD R2",
    "member": "Bang Chan",
    "album": "Karma",
    "category": "korean_pob",
    "img": null
  },
  {
    "id": "karmapob-bangchan-22",
    "name": "Pop-up md Benefit R1",
    "member": "Bang Chan",
    "album": "Karma",
    "category": "korean_pob",
    "img": null
  },
  {
    "id": "karmapob-bangchan-23",
    "name": "Pop-up md Benefit R2",
    "member": "Bang Chan",
    "album": "Karma",
    "category": "korean_pob",
    "img": null
  },
  {
    "id": "karmapob-bangchan-24",
    "name": "Stamp rally Pop-Up",
    "member": "Bang Chan",
    "album": "Karma",
    "category": "korean_pob",
    "img": null
  },
  {
    "id": "karmapob-bangchan-25",
    "name": "Nemoz",
    "member": "Bang Chan",
    "album": "Karma",
    "category": "korean_pob",
    "img": null
  },
  {
    "id": "karmapob-bangchan-26",
    "name": "Pouch Pop up MD",
    "member": "Bang Chan",
    "album": "Karma",
    "category": "korean_pob",
    "img": null
  },
  {
    "id": "karmapob-bangchan-27",
    "name": "Uniform Tshirt Pop-up MD",
    "member": "Bang Chan",
    "album": "Karma",
    "category": "korean_pob",
    "img": null
  },
  {
    "id": "karmapob-bangchan-28",
    "name": "JYP Japan",
    "member": "Bang Chan",
    "album": "Karma",
    "category": "korean_pob",
    "img": null
  },
  {
    "id": "karmapob-bangchan-29",
    "name": "Sony Music",
    "member": "Bang Chan",
    "album": "Karma",
    "category": "korean_pob",
    "img": null
  },
  {
    "id": "karmapob-bangchan-32",
    "name": "HMV",
    "member": "Bang Chan",
    "album": "Karma",
    "category": "korean_pob",
    "img": null
  },
  {
    "id": "karmapob-bangchan-33",
    "name": "HMV Online",
    "member": "Bang Chan",
    "album": "Karma",
    "category": "korean_pob",
    "img": null
  },
  {
    "id": "karmapob-bangchan-34",
    "name": "Kpop Nara NYC Pop-Up",
    "member": "Bang Chan",
    "album": "Karma",
    "category": "korean_pob",
    "img": null
  },
  {
    "id": "karmapob-bangchan-35",
    "name": "Kpop Nara NYC Pop-Up freebie",
    "member": "Bang Chan",
    "album": "Karma",
    "category": "korean_pob",
    "img": null
  },
  {
    "id": "karmapob-bangchan-36",
    "name": "HMV LD1",
    "member": "Bang Chan",
    "album": "Karma",
    "category": "korean_pob",
    "img": null
  },
  {
    "id": "karmapob-bangchan-37",
    "name": "HMV LD2",
    "member": "Bang Chan",
    "album": "Karma",
    "category": "korean_pob",
    "img": null
  },
  {
    "id": "karmapob-bangchan-38",
    "name": "KMStation 2",
    "member": "Bang Chan",
    "album": "Karma",
    "category": "korean_pob",
    "img": null
  },
  {
    "id": "karmapob-bangchan-39",
    "name": "Starriver VC",
    "member": "Bang Chan",
    "album": "Karma",
    "category": "korean_pob",
    "img": null
  },
  {
    "id": "karmapob-bangchan-40",
    "name": "FansShop LD Realtouch",
    "member": "Bang Chan",
    "album": "Karma",
    "category": "korean_pob",
    "img": null
  },
  {
    "id": "karmapob-bangchan-41",
    "name": "KMStation VC",
    "member": "Bang Chan",
    "album": "Karma",
    "category": "korean_pob",
    "img": null
  },
  {
    "id": "karmapob-bangchan-42",
    "name": "Counting Stars VC",
    "member": "Bang Chan",
    "album": "Karma",
    "category": "korean_pob",
    "img": null
  },
  {
    "id": "karmapob-bangchan-43",
    "name": "KMStation 3",
    "member": "Bang Chan",
    "album": "Karma",
    "category": "korean_pob",
    "img": null
  },
  {
    "id": "karmapob-bangchan-44",
    "name": "FansShop VC",
    "member": "Bang Chan",
    "album": "Karma",
    "category": "korean_pob",
    "img": null
  },
  {
    "id": "karmapob-bangchan-45",
    "name": "FansShop LD R2",
    "member": "Bang Chan",
    "album": "Karma",
    "category": "korean_pob",
    "img": null
  },
  {
    "id": "karmapob-bangchan-46",
    "name": "Soundwave VC",
    "member": "Bang Chan",
    "album": "Karma",
    "category": "korean_pob",
    "img": null
  },
  {
    "id": "karmapob-bangchan-47",
    "name": "Soundwave Japan Week 1",
    "member": "Bang Chan",
    "album": "Karma",
    "category": "korean_pob",
    "img": null
  },
  {
    "id": "karmapob-bangchan-48",
    "name": "Soundwave Japan Week 1",
    "member": "Bang Chan",
    "album": "Karma",
    "category": "korean_pob",
    "img": null
  },
  {
    "id": "karmapob-bangchan-49",
    "name": "KMStation 4",
    "member": "Bang Chan",
    "album": "Karma",
    "category": "korean_pob",
    "img": null
  },
  {
    "id": "karmapob-bangchan-50",
    "name": "HMV LD3",
    "member": "Bang Chan",
    "album": "Karma",
    "category": "korean_pob",
    "img": null
  },
  {
    "id": "karmapob-bangchan-51",
    "name": "Broadcast week 1",
    "member": "Bang Chan",
    "album": "Karma",
    "category": "korean_pob",
    "img": null
  },
  {
    "id": "karmapob-bangchan-52",
    "name": "Broadcast week 2",
    "member": "Bang Chan",
    "album": "Karma",
    "category": "korean_pob",
    "img": null
  },
  {
    "id": "karmapob-leeknow-01",
    "name": "Aladdin",
    "member": "Lee Know",
    "album": "Karma",
    "category": "korean_pob",
    "img": null
  },
  {
    "id": "karmapob-leeknow-02",
    "name": "BDM ",
    "member": "Lee Know",
    "album": "Karma",
    "category": "korean_pob",
    "img": null
  },
  {
    "id": "karmapob-leeknow-03",
    "name": "Fans Shop ",
    "member": "Lee Know",
    "album": "Karma",
    "category": "korean_pob",
    "img": null
  },
  {
    "id": "karmapob-leeknow-04",
    "name": "Skzoo",
    "member": "Lee Know",
    "album": "Karma",
    "category": "korean_pob",
    "img": null
  },
  {
    "id": "karmapob-leeknow-05",
    "name": "Music Korea",
    "member": "Lee Know",
    "album": "Karma",
    "category": "korean_pob",
    "img": null
  },
  {
    "id": "karmapob-leeknow-06",
    "name": "Music Plant",
    "member": "Lee Know",
    "album": "Karma",
    "category": "korean_pob",
    "img": null
  },
  {
    "id": "karmapob-leeknow-07",
    "name": "Soundwave ",
    "member": "Lee Know",
    "album": "Karma",
    "category": "korean_pob",
    "img": null
  },
  {
    "id": "karmapob-leeknow-08",
    "name": "Yes24",
    "member": "Lee Know",
    "album": "Karma",
    "category": "korean_pob",
    "img": null
  },
  {
    "id": "karmapob-leeknow-09",
    "name": "Target ",
    "member": "Lee Know",
    "album": "Karma",
    "category": "korean_pob",
    "img": null
  },
  {
    "id": "karmapob-leeknow-10",
    "name": "Barnes&Noble",
    "member": "Lee Know",
    "album": "Karma",
    "category": "korean_pob",
    "img": null
  },
  {
    "id": "karmapob-leeknow-11",
    "name": "Withmuu",
    "member": "Lee Know",
    "album": "Karma",
    "category": "korean_pob",
    "img": null
  },
  {
    "id": "karmapob-leeknow-12",
    "name": "Makestar",
    "member": "Lee Know",
    "album": "Karma",
    "category": "korean_pob",
    "img": null
  },
  {
    "id": "karmapob-leeknow-13",
    "name": "Everline",
    "member": "Lee Know",
    "album": "Karma",
    "category": "korean_pob",
    "img": null
  },
  {
    "id": "karmapob-leeknow-14",
    "name": "Dear My Muse",
    "member": "Lee Know",
    "album": "Karma",
    "category": "korean_pob",
    "img": null
  },
  {
    "id": "karmapob-leeknow-15",
    "name": "Apple Music",
    "member": "Lee Know",
    "album": "Karma",
    "category": "korean_pob",
    "img": null
  },
  {
    "id": "karmapob-leeknow-16",
    "name": "Starriver",
    "member": "Lee Know",
    "album": "Karma",
    "category": "korean_pob",
    "img": null
  },
  {
    "id": "karmapob-leeknow-17",
    "name": "KMStation",
    "member": "Lee Know",
    "album": "Karma",
    "category": "korean_pob",
    "img": null
  },
  {
    "id": "karmapob-leeknow-18",
    "name": "Counting Stars",
    "member": "Lee Know",
    "album": "Karma",
    "category": "korean_pob",
    "img": null
  },
  {
    "id": "karmapob-leeknow-19",
    "name": "Fans Pre-Listening",
    "member": "Lee Know",
    "album": "Karma",
    "category": "korean_pob",
    "img": null
  },
  {
    "id": "karmapob-leeknow-20",
    "name": "Soundwave LD R1",
    "member": "Lee Know",
    "album": "Karma",
    "category": "korean_pob",
    "img": null
  },
  {
    "id": "karmapob-leeknow-21",
    "name": "Soundwave LD R2",
    "member": "Lee Know",
    "album": "Karma",
    "category": "korean_pob",
    "img": null
  },
  {
    "id": "karmapob-leeknow-22",
    "name": "Pop-up md Benefit R1",
    "member": "Lee Know",
    "album": "Karma",
    "category": "korean_pob",
    "img": null
  },
  {
    "id": "karmapob-leeknow-23",
    "name": "Pop-up md Benefit R2",
    "member": "Lee Know",
    "album": "Karma",
    "category": "korean_pob",
    "img": null
  },
  {
    "id": "karmapob-leeknow-24",
    "name": "Stamp rally Pop-Up",
    "member": "Lee Know",
    "album": "Karma",
    "category": "korean_pob",
    "img": null
  },
  {
    "id": "karmapob-leeknow-25",
    "name": "Nemoz",
    "member": "Lee Know",
    "album": "Karma",
    "category": "korean_pob",
    "img": null
  },
  {
    "id": "karmapob-leeknow-26",
    "name": "Pouch Pop up MD",
    "member": "Lee Know",
    "album": "Karma",
    "category": "korean_pob",
    "img": null
  },
  {
    "id": "karmapob-leeknow-27",
    "name": "Uniform Tshirt Pop-up MD",
    "member": "Lee Know",
    "album": "Karma",
    "category": "korean_pob",
    "img": null
  },
  {
    "id": "karmapob-leeknow-28",
    "name": "JYP Japan",
    "member": "Lee Know",
    "album": "Karma",
    "category": "korean_pob",
    "img": null
  },
  {
    "id": "karmapob-leeknow-29",
    "name": "Sony Music",
    "member": "Lee Know",
    "album": "Karma",
    "category": "korean_pob",
    "img": null
  },
  {
    "id": "karmapob-leeknow-32",
    "name": "HMV",
    "member": "Lee Know",
    "album": "Karma",
    "category": "korean_pob",
    "img": null
  },
  {
    "id": "karmapob-leeknow-33",
    "name": "HMV Online",
    "member": "Lee Know",
    "album": "Karma",
    "category": "korean_pob",
    "img": null
  },
  {
    "id": "karmapob-leeknow-34",
    "name": "Kpop Nara NYC Pop-Up",
    "member": "Lee Know",
    "album": "Karma",
    "category": "korean_pob",
    "img": null
  },
  {
    "id": "karmapob-leeknow-35",
    "name": "Kpop Nara NYC Pop-Up freebie",
    "member": "Lee Know",
    "album": "Karma",
    "category": "korean_pob",
    "img": null
  },
  {
    "id": "karmapob-leeknow-36",
    "name": "HMV LD1",
    "member": "Lee Know",
    "album": "Karma",
    "category": "korean_pob",
    "img": null
  },
  {
    "id": "karmapob-leeknow-37",
    "name": "HMV LD2",
    "member": "Lee Know",
    "album": "Karma",
    "category": "korean_pob",
    "img": null
  },
  {
    "id": "karmapob-leeknow-38",
    "name": "KMStation 2",
    "member": "Lee Know",
    "album": "Karma",
    "category": "korean_pob",
    "img": null
  },
  {
    "id": "karmapob-leeknow-39",
    "name": "Starriver VC",
    "member": "Lee Know",
    "album": "Karma",
    "category": "korean_pob",
    "img": null
  },
  {
    "id": "karmapob-leeknow-40",
    "name": "FansShop LD Realtouch",
    "member": "Lee Know",
    "album": "Karma",
    "category": "korean_pob",
    "img": null
  },
  {
    "id": "karmapob-leeknow-41",
    "name": "KMStation VC",
    "member": "Lee Know",
    "album": "Karma",
    "category": "korean_pob",
    "img": null
  },
  {
    "id": "karmapob-leeknow-42",
    "name": "Counting Stars VC",
    "member": "Lee Know",
    "album": "Karma",
    "category": "korean_pob",
    "img": null
  },
  {
    "id": "karmapob-leeknow-43",
    "name": "KMStation 3",
    "member": "Lee Know",
    "album": "Karma",
    "category": "korean_pob",
    "img": null
  },
  {
    "id": "karmapob-leeknow-44",
    "name": "FansShop VC",
    "member": "Lee Know",
    "album": "Karma",
    "category": "korean_pob",
    "img": null
  },
  {
    "id": "karmapob-leeknow-45",
    "name": "FansShop LD R2",
    "member": "Lee Know",
    "album": "Karma",
    "category": "korean_pob",
    "img": null
  },
  {
    "id": "karmapob-leeknow-46",
    "name": "Soundwave VC",
    "member": "Lee Know",
    "album": "Karma",
    "category": "korean_pob",
    "img": null
  },
  {
    "id": "karmapob-leeknow-47",
    "name": "Soundwave Japan Week 1",
    "member": "Lee Know",
    "album": "Karma",
    "category": "korean_pob",
    "img": null
  },
  {
    "id": "karmapob-leeknow-48",
    "name": "Soundwave Japan Week 2",
    "member": "Lee Know",
    "album": "Karma",
    "category": "korean_pob",
    "img": null
  },
  {
    "id": "karmapob-leeknow-49",
    "name": "KMStation 4",
    "member": "Lee Know",
    "album": "Karma",
    "category": "korean_pob",
    "img": null
  },
  {
    "id": "karmapob-leeknow-50",
    "name": "HMV LD3",
    "member": "Lee Know",
    "album": "Karma",
    "category": "korean_pob",
    "img": null
  },
  {
    "id": "karmapob-leeknow-51",
    "name": "Broadcast week 1",
    "member": "Lee Know",
    "album": "Karma",
    "category": "korean_pob",
    "img": null
  },
  {
    "id": "karmapob-leeknow-52",
    "name": "Broadcast week 2",
    "member": "Lee Know",
    "album": "Karma",
    "category": "korean_pob",
    "img": null
  },
  {
    "id": "karmapob-changbin-01",
    "name": "Aladdin",
    "member": "Changbin",
    "album": "Karma",
    "category": "korean_pob",
    "img": null
  },
  {
    "id": "karmapob-changbin-02",
    "name": "BDM ",
    "member": "Changbin",
    "album": "Karma",
    "category": "korean_pob",
    "img": null
  },
  {
    "id": "karmapob-changbin-03",
    "name": "Fans Shop ",
    "member": "Changbin",
    "album": "Karma",
    "category": "korean_pob",
    "img": null
  },
  {
    "id": "karmapob-changbin-04",
    "name": "Skzoo",
    "member": "Changbin",
    "album": "Karma",
    "category": "korean_pob",
    "img": null
  },
  {
    "id": "karmapob-changbin-05",
    "name": "Music Korea",
    "member": "Changbin",
    "album": "Karma",
    "category": "korean_pob",
    "img": null
  },
  {
    "id": "karmapob-changbin-06",
    "name": "Music Plant",
    "member": "Changbin",
    "album": "Karma",
    "category": "korean_pob",
    "img": null
  },
  {
    "id": "karmapob-changbin-07",
    "name": "Soundwave ",
    "member": "Changbin",
    "album": "Karma",
    "category": "korean_pob",
    "img": null
  },
  {
    "id": "karmapob-changbin-08",
    "name": "Yes24",
    "member": "Changbin",
    "album": "Karma",
    "category": "korean_pob",
    "img": null
  },
  {
    "id": "karmapob-changbin-09",
    "name": "Target ",
    "member": "Changbin",
    "album": "Karma",
    "category": "korean_pob",
    "img": null
  },
  {
    "id": "karmapob-changbin-10",
    "name": "Barnes&Noble",
    "member": "Changbin",
    "album": "Karma",
    "category": "korean_pob",
    "img": null
  },
  {
    "id": "karmapob-changbin-11",
    "name": "Withmuu",
    "member": "Changbin",
    "album": "Karma",
    "category": "korean_pob",
    "img": null
  },
  {
    "id": "karmapob-changbin-12",
    "name": "Makestar",
    "member": "Changbin",
    "album": "Karma",
    "category": "korean_pob",
    "img": null
  },
  {
    "id": "karmapob-changbin-13",
    "name": "Everline",
    "member": "Changbin",
    "album": "Karma",
    "category": "korean_pob",
    "img": null
  },
  {
    "id": "karmapob-changbin-14",
    "name": "Dear My Muse",
    "member": "Changbin",
    "album": "Karma",
    "category": "korean_pob",
    "img": null
  },
  {
    "id": "karmapob-changbin-15",
    "name": "Apple Music",
    "member": "Changbin",
    "album": "Karma",
    "category": "korean_pob",
    "img": null
  },
  {
    "id": "karmapob-changbin-16",
    "name": "Starriver",
    "member": "Changbin",
    "album": "Karma",
    "category": "korean_pob",
    "img": null
  },
  {
    "id": "karmapob-changbin-17",
    "name": "KMStation",
    "member": "Changbin",
    "album": "Karma",
    "category": "korean_pob",
    "img": null
  },
  {
    "id": "karmapob-changbin-18",
    "name": "Counting Stars",
    "member": "Changbin",
    "album": "Karma",
    "category": "korean_pob",
    "img": null
  },
  {
    "id": "karmapob-changbin-19",
    "name": "Fans Pre-Listening",
    "member": "Changbin",
    "album": "Karma",
    "category": "korean_pob",
    "img": null
  },
  {
    "id": "karmapob-changbin-20",
    "name": "Soundwave LD R1",
    "member": "Changbin",
    "album": "Karma",
    "category": "korean_pob",
    "img": null
  },
  {
    "id": "karmapob-changbin-21",
    "name": "Soundwave LD R2",
    "member": "Changbin",
    "album": "Karma",
    "category": "korean_pob",
    "img": null
  },
  {
    "id": "karmapob-changbin-22",
    "name": "Pop-up md Benefit R1",
    "member": "Changbin",
    "album": "Karma",
    "category": "korean_pob",
    "img": null
  },
  {
    "id": "karmapob-changbin-23",
    "name": "Pop-up md Benefit R2",
    "member": "Changbin",
    "album": "Karma",
    "category": "korean_pob",
    "img": null
  },
  {
    "id": "karmapob-changbin-24",
    "name": "Stamp rally Pop-Up",
    "member": "Changbin",
    "album": "Karma",
    "category": "korean_pob",
    "img": null
  },
  {
    "id": "karmapob-changbin-25",
    "name": "Nemoz",
    "member": "Changbin",
    "album": "Karma",
    "category": "korean_pob",
    "img": null
  },
  {
    "id": "karmapob-changbin-26",
    "name": "Pouch Pop up MD",
    "member": "Changbin",
    "album": "Karma",
    "category": "korean_pob",
    "img": null
  },
  {
    "id": "karmapob-changbin-27",
    "name": "Uniform Tshirt Pop-up MD",
    "member": "Changbin",
    "album": "Karma",
    "category": "korean_pob",
    "img": null
  },
  {
    "id": "karmapob-changbin-28",
    "name": "JYP Japan",
    "member": "Changbin",
    "album": "Karma",
    "category": "korean_pob",
    "img": null
  },
  {
    "id": "karmapob-changbin-29",
    "name": "Sony Music",
    "member": "Changbin",
    "album": "Karma",
    "category": "korean_pob",
    "img": null
  },
  {
    "id": "karmapob-changbin-32",
    "name": "HMV",
    "member": "Changbin",
    "album": "Karma",
    "category": "korean_pob",
    "img": null
  },
  {
    "id": "karmapob-changbin-33",
    "name": "HMV Online",
    "member": "Changbin",
    "album": "Karma",
    "category": "korean_pob",
    "img": null
  },
  {
    "id": "karmapob-changbin-34",
    "name": "Kpop Nara NYC Pop-Up",
    "member": "Changbin",
    "album": "Karma",
    "category": "korean_pob",
    "img": null
  },
  {
    "id": "karmapob-changbin-35",
    "name": "Kpop Nara NYC Pop-Up freebie",
    "member": "Changbin",
    "album": "Karma",
    "category": "korean_pob",
    "img": null
  },
  {
    "id": "karmapob-changbin-36",
    "name": "HMV LD1",
    "member": "Changbin",
    "album": "Karma",
    "category": "korean_pob",
    "img": null
  },
  {
    "id": "karmapob-changbin-37",
    "name": "HMV LD2",
    "member": "Changbin",
    "album": "Karma",
    "category": "korean_pob",
    "img": null
  },
  {
    "id": "karmapob-changbin-38",
    "name": "KMStation 2",
    "member": "Changbin",
    "album": "Karma",
    "category": "korean_pob",
    "img": null
  },
  {
    "id": "karmapob-changbin-39",
    "name": "Starriver VC",
    "member": "Changbin",
    "album": "Karma",
    "category": "korean_pob",
    "img": null
  },
  {
    "id": "karmapob-changbin-40",
    "name": "FansShop LD Realtouch",
    "member": "Changbin",
    "album": "Karma",
    "category": "korean_pob",
    "img": null
  },
  {
    "id": "karmapob-changbin-41",
    "name": "KMStation VC",
    "member": "Changbin",
    "album": "Karma",
    "category": "korean_pob",
    "img": null
  },
  {
    "id": "karmapob-changbin-42",
    "name": "Counting Stars VC",
    "member": "Changbin",
    "album": "Karma",
    "category": "korean_pob",
    "img": null
  },
  {
    "id": "karmapob-changbin-43",
    "name": "KMStation 3",
    "member": "Changbin",
    "album": "Karma",
    "category": "korean_pob",
    "img": null
  },
  {
    "id": "karmapob-changbin-44",
    "name": "FansShop VC",
    "member": "Changbin",
    "album": "Karma",
    "category": "korean_pob",
    "img": null
  },
  {
    "id": "karmapob-changbin-45",
    "name": "FansShop LD R2",
    "member": "Changbin",
    "album": "Karma",
    "category": "korean_pob",
    "img": null
  },
  {
    "id": "karmapob-changbin-46",
    "name": "Soundwave VC",
    "member": "Changbin",
    "album": "Karma",
    "category": "korean_pob",
    "img": null
  },
  {
    "id": "karmapob-changbin-47",
    "name": "Soundwave Japan Week 1",
    "member": "Changbin",
    "album": "Karma",
    "category": "korean_pob",
    "img": null
  },
  {
    "id": "karmapob-changbin-48",
    "name": "Soundwave Japan Week 2",
    "member": "Changbin",
    "album": "Karma",
    "category": "korean_pob",
    "img": null
  },
  {
    "id": "karmapob-changbin-49",
    "name": "KMStation 4",
    "member": "Changbin",
    "album": "Karma",
    "category": "korean_pob",
    "img": null
  },
  {
    "id": "karmapob-changbin-50",
    "name": "HMV LD3",
    "member": "Changbin",
    "album": "Karma",
    "category": "korean_pob",
    "img": null
  },
  {
    "id": "karmapob-changbin-51",
    "name": "Broadcast week 1",
    "member": "Changbin",
    "album": "Karma",
    "category": "korean_pob",
    "img": null
  },
  {
    "id": "karmapob-changbin-52",
    "name": "Broadcast week 2",
    "member": "Changbin",
    "album": "Karma",
    "category": "korean_pob",
    "img": null
  },
  {
    "id": "karmapob-hyunjin-01",
    "name": "Aladdin",
    "member": "Hyunjin",
    "album": "Karma",
    "category": "korean_pob",
    "img": null
  },
  {
    "id": "karmapob-hyunjin-02",
    "name": "BDM ",
    "member": "Hyunjin",
    "album": "Karma",
    "category": "korean_pob",
    "img": null
  },
  {
    "id": "karmapob-hyunjin-03",
    "name": "Fans Shop ",
    "member": "Hyunjin",
    "album": "Karma",
    "category": "korean_pob",
    "img": null
  },
  {
    "id": "karmapob-hyunjin-04",
    "name": "Skzoo",
    "member": "Hyunjin",
    "album": "Karma",
    "category": "korean_pob",
    "img": null
  },
  {
    "id": "karmapob-hyunjin-05",
    "name": "Music Korea",
    "member": "Hyunjin",
    "album": "Karma",
    "category": "korean_pob",
    "img": null
  },
  {
    "id": "karmapob-hyunjin-06",
    "name": "Music Plant",
    "member": "Hyunjin",
    "album": "Karma",
    "category": "korean_pob",
    "img": null
  },
  {
    "id": "karmapob-hyunjin-07",
    "name": "Soundwave ",
    "member": "Hyunjin",
    "album": "Karma",
    "category": "korean_pob",
    "img": null
  },
  {
    "id": "karmapob-hyunjin-08",
    "name": "Yes24",
    "member": "Hyunjin",
    "album": "Karma",
    "category": "korean_pob",
    "img": null
  },
  {
    "id": "karmapob-hyunjin-09",
    "name": "Target ",
    "member": "Hyunjin",
    "album": "Karma",
    "category": "korean_pob",
    "img": null
  },
  {
    "id": "karmapob-hyunjin-10",
    "name": "Barnes&Noble",
    "member": "Hyunjin",
    "album": "Karma",
    "category": "korean_pob",
    "img": null
  },
  {
    "id": "karmapob-hyunjin-11",
    "name": "Withmuu",
    "member": "Hyunjin",
    "album": "Karma",
    "category": "korean_pob",
    "img": null
  },
  {
    "id": "karmapob-hyunjin-12",
    "name": "Makestar",
    "member": "Hyunjin",
    "album": "Karma",
    "category": "korean_pob",
    "img": null
  },
  {
    "id": "karmapob-hyunjin-13",
    "name": "Everline",
    "member": "Hyunjin",
    "album": "Karma",
    "category": "korean_pob",
    "img": null
  },
  {
    "id": "karmapob-hyunjin-14",
    "name": "Dear My Muse",
    "member": "Hyunjin",
    "album": "Karma",
    "category": "korean_pob",
    "img": null
  },
  {
    "id": "karmapob-hyunjin-15",
    "name": "Apple Music",
    "member": "Hyunjin",
    "album": "Karma",
    "category": "korean_pob",
    "img": null
  },
  {
    "id": "karmapob-hyunjin-16",
    "name": "Starriver",
    "member": "Hyunjin",
    "album": "Karma",
    "category": "korean_pob",
    "img": null
  },
  {
    "id": "karmapob-hyunjin-17",
    "name": "KMStation",
    "member": "Hyunjin",
    "album": "Karma",
    "category": "korean_pob",
    "img": null
  },
  {
    "id": "karmapob-hyunjin-18",
    "name": "Counting Stars",
    "member": "Hyunjin",
    "album": "Karma",
    "category": "korean_pob",
    "img": null
  },
  {
    "id": "karmapob-hyunjin-19",
    "name": "Fans Pre-Listening",
    "member": "Hyunjin",
    "album": "Karma",
    "category": "korean_pob",
    "img": null
  },
  {
    "id": "karmapob-hyunjin-20",
    "name": "Soundwave LD R1",
    "member": "Hyunjin",
    "album": "Karma",
    "category": "korean_pob",
    "img": null
  },
  {
    "id": "karmapob-hyunjin-21",
    "name": "Soundwave LD R2",
    "member": "Hyunjin",
    "album": "Karma",
    "category": "korean_pob",
    "img": null
  },
  {
    "id": "karmapob-hyunjin-22",
    "name": "Pop-up md Benefit R1",
    "member": "Hyunjin",
    "album": "Karma",
    "category": "korean_pob",
    "img": null
  },
  {
    "id": "karmapob-hyunjin-23",
    "name": "Pop-up md Benefit R2",
    "member": "Hyunjin",
    "album": "Karma",
    "category": "korean_pob",
    "img": null
  },
  {
    "id": "karmapob-hyunjin-24",
    "name": "Stamp rally Pop-Up",
    "member": "Hyunjin",
    "album": "Karma",
    "category": "korean_pob",
    "img": null
  },
  {
    "id": "karmapob-hyunjin-25",
    "name": "Nemoz",
    "member": "Hyunjin",
    "album": "Karma",
    "category": "korean_pob",
    "img": null
  },
  {
    "id": "karmapob-hyunjin-26",
    "name": "Pouch Pop up MD",
    "member": "Hyunjin",
    "album": "Karma",
    "category": "korean_pob",
    "img": null
  },
  {
    "id": "karmapob-hyunjin-27",
    "name": "Uniform Tshirt Pop-up MD",
    "member": "Hyunjin",
    "album": "Karma",
    "category": "korean_pob",
    "img": null
  },
  {
    "id": "karmapob-hyunjin-28",
    "name": "JYP Japan",
    "member": "Hyunjin",
    "album": "Karma",
    "category": "korean_pob",
    "img": null
  },
  {
    "id": "karmapob-hyunjin-29",
    "name": "Sony Music",
    "member": "Hyunjin",
    "album": "Karma",
    "category": "korean_pob",
    "img": null
  },
  {
    "id": "karmapob-hyunjin-32",
    "name": "HMV",
    "member": "Hyunjin",
    "album": "Karma",
    "category": "korean_pob",
    "img": null
  },
  {
    "id": "karmapob-hyunjin-33",
    "name": "HMV Online",
    "member": "Hyunjin",
    "album": "Karma",
    "category": "korean_pob",
    "img": null
  },
  {
    "id": "karmapob-hyunjin-34",
    "name": "Kpop Nara NYC Pop-Up",
    "member": "Hyunjin",
    "album": "Karma",
    "category": "korean_pob",
    "img": null
  },
  {
    "id": "karmapob-hyunjin-35",
    "name": "Kpop Nara NYC Pop-Up freebie",
    "member": "Hyunjin",
    "album": "Karma",
    "category": "korean_pob",
    "img": null
  },
  {
    "id": "karmapob-hyunjin-36",
    "name": "HMV LD1",
    "member": "Hyunjin",
    "album": "Karma",
    "category": "korean_pob",
    "img": null
  },
  {
    "id": "karmapob-hyunjin-37",
    "name": "HMV LD2",
    "member": "Hyunjin",
    "album": "Karma",
    "category": "korean_pob",
    "img": null
  },
  {
    "id": "karmapob-hyunjin-38",
    "name": "KMStation 2",
    "member": "Hyunjin",
    "album": "Karma",
    "category": "korean_pob",
    "img": null
  },
  {
    "id": "karmapob-hyunjin-39",
    "name": "Starriver VC",
    "member": "Hyunjin",
    "album": "Karma",
    "category": "korean_pob",
    "img": null
  },
  {
    "id": "karmapob-hyunjin-40",
    "name": "FansShop LD Realtouch",
    "member": "Hyunjin",
    "album": "Karma",
    "category": "korean_pob",
    "img": null
  },
  {
    "id": "karmapob-hyunjin-41",
    "name": "KMStation VC",
    "member": "Hyunjin",
    "album": "Karma",
    "category": "korean_pob",
    "img": null
  },
  {
    "id": "karmapob-hyunjin-42",
    "name": "Counting Stars VC",
    "member": "Hyunjin",
    "album": "Karma",
    "category": "korean_pob",
    "img": null
  },
  {
    "id": "karmapob-hyunjin-43",
    "name": "KMStation 3",
    "member": "Hyunjin",
    "album": "Karma",
    "category": "korean_pob",
    "img": null
  },
  {
    "id": "karmapob-hyunjin-44",
    "name": "FansShop VC",
    "member": "Hyunjin",
    "album": "Karma",
    "category": "korean_pob",
    "img": null
  },
  {
    "id": "karmapob-hyunjin-45",
    "name": "FansShop LD R2",
    "member": "Hyunjin",
    "album": "Karma",
    "category": "korean_pob",
    "img": null
  },
  {
    "id": "karmapob-hyunjin-46",
    "name": "Soundwave VC",
    "member": "Hyunjin",
    "album": "Karma",
    "category": "korean_pob",
    "img": null
  },
  {
    "id": "karmapob-hyunjin-47",
    "name": "Soundwave Japan Week 1",
    "member": "Hyunjin",
    "album": "Karma",
    "category": "korean_pob",
    "img": null
  },
  {
    "id": "karmapob-hyunjin-48",
    "name": "Soundwave Japan Week 2",
    "member": "Hyunjin",
    "album": "Karma",
    "category": "korean_pob",
    "img": null
  },
  {
    "id": "karmapob-hyunjin-49",
    "name": "KMStation 4",
    "member": "Hyunjin",
    "album": "Karma",
    "category": "korean_pob",
    "img": null
  },
  {
    "id": "karmapob-hyunjin-50",
    "name": "HMV LD3",
    "member": "Hyunjin",
    "album": "Karma",
    "category": "korean_pob",
    "img": null
  },
  {
    "id": "karmapob-hyunjin-51",
    "name": "Broadcast week 1",
    "member": "Hyunjin",
    "album": "Karma",
    "category": "korean_pob",
    "img": null
  },
  {
    "id": "karmapob-hyunjin-52",
    "name": "Broadcast week 2",
    "member": "Hyunjin",
    "album": "Karma",
    "category": "korean_pob",
    "img": null
  },
  {
    "id": "karmapob-han-01",
    "name": "Aladdin",
    "member": "HAN",
    "album": "Karma",
    "category": "korean_pob",
    "img": null
  },
  {
    "id": "karmapob-han-02",
    "name": "BDM ",
    "member": "HAN",
    "album": "Karma",
    "category": "korean_pob",
    "img": null
  },
  {
    "id": "karmapob-han-03",
    "name": "Fans Shop ",
    "member": "HAN",
    "album": "Karma",
    "category": "korean_pob",
    "img": null
  },
  {
    "id": "karmapob-han-04",
    "name": "Skzoo",
    "member": "HAN",
    "album": "Karma",
    "category": "korean_pob",
    "img": null
  },
  {
    "id": "karmapob-han-05",
    "name": "Music Korea",
    "member": "HAN",
    "album": "Karma",
    "category": "korean_pob",
    "img": null
  },
  {
    "id": "karmapob-han-06",
    "name": "Music Plant",
    "member": "HAN",
    "album": "Karma",
    "category": "korean_pob",
    "img": null
  },
  {
    "id": "karmapob-han-07",
    "name": "Soundwave ",
    "member": "HAN",
    "album": "Karma",
    "category": "korean_pob",
    "img": null
  },
  {
    "id": "karmapob-han-08",
    "name": "Yes24",
    "member": "HAN",
    "album": "Karma",
    "category": "korean_pob",
    "img": null
  },
  {
    "id": "karmapob-han-09",
    "name": "Target ",
    "member": "HAN",
    "album": "Karma",
    "category": "korean_pob",
    "img": null
  },
  {
    "id": "karmapob-han-10",
    "name": "Barnes&Noble",
    "member": "HAN",
    "album": "Karma",
    "category": "korean_pob",
    "img": null
  },
  {
    "id": "karmapob-han-11",
    "name": "Withmuu",
    "member": "HAN",
    "album": "Karma",
    "category": "korean_pob",
    "img": null
  },
  {
    "id": "karmapob-han-12",
    "name": "Makestar",
    "member": "HAN",
    "album": "Karma",
    "category": "korean_pob",
    "img": null
  },
  {
    "id": "karmapob-han-13",
    "name": "Everline",
    "member": "HAN",
    "album": "Karma",
    "category": "korean_pob",
    "img": null
  },
  {
    "id": "karmapob-han-14",
    "name": "Dear My Muse",
    "member": "HAN",
    "album": "Karma",
    "category": "korean_pob",
    "img": null
  },
  {
    "id": "karmapob-han-15",
    "name": "Apple Music",
    "member": "HAN",
    "album": "Karma",
    "category": "korean_pob",
    "img": null
  },
  {
    "id": "karmapob-han-16",
    "name": "Starriver",
    "member": "HAN",
    "album": "Karma",
    "category": "korean_pob",
    "img": null
  },
  {
    "id": "karmapob-han-17",
    "name": "KMStation",
    "member": "HAN",
    "album": "Karma",
    "category": "korean_pob",
    "img": null
  },
  {
    "id": "karmapob-han-18",
    "name": "Counting Stars",
    "member": "HAN",
    "album": "Karma",
    "category": "korean_pob",
    "img": null
  },
  {
    "id": "karmapob-han-19",
    "name": "Fans Pre-Listening",
    "member": "HAN",
    "album": "Karma",
    "category": "korean_pob",
    "img": null
  },
  {
    "id": "karmapob-han-20",
    "name": "Soundwave LD R1",
    "member": "HAN",
    "album": "Karma",
    "category": "korean_pob",
    "img": null
  },
  {
    "id": "karmapob-han-21",
    "name": "Soundwave LD R2",
    "member": "HAN",
    "album": "Karma",
    "category": "korean_pob",
    "img": null
  },
  {
    "id": "karmapob-han-22",
    "name": "Pop-up md Benefit R1",
    "member": "HAN",
    "album": "Karma",
    "category": "korean_pob",
    "img": null
  },
  {
    "id": "karmapob-han-23",
    "name": "Pop-up md Benefit R2",
    "member": "HAN",
    "album": "Karma",
    "category": "korean_pob",
    "img": null
  },
  {
    "id": "karmapob-han-24",
    "name": "Stamp rally Pop-Up",
    "member": "HAN",
    "album": "Karma",
    "category": "korean_pob",
    "img": null
  },
  {
    "id": "karmapob-han-25",
    "name": "Nemoz",
    "member": "HAN",
    "album": "Karma",
    "category": "korean_pob",
    "img": null
  },
  {
    "id": "karmapob-han-26",
    "name": "Pouch Pop up MD",
    "member": "HAN",
    "album": "Karma",
    "category": "korean_pob",
    "img": null
  },
  {
    "id": "karmapob-han-27",
    "name": "Uniform Tshirt Pop-up MD",
    "member": "HAN",
    "album": "Karma",
    "category": "korean_pob",
    "img": null
  },
  {
    "id": "karmapob-han-28",
    "name": "JYP Japan",
    "member": "HAN",
    "album": "Karma",
    "category": "korean_pob",
    "img": null
  },
  {
    "id": "karmapob-han-29",
    "name": "Sony Music",
    "member": "HAN",
    "album": "Karma",
    "category": "korean_pob",
    "img": null
  },
  {
    "id": "karmapob-han-32",
    "name": "HMV",
    "member": "HAN",
    "album": "Karma",
    "category": "korean_pob",
    "img": null
  },
  {
    "id": "karmapob-han-33",
    "name": "HMV Online",
    "member": "HAN",
    "album": "Karma",
    "category": "korean_pob",
    "img": null
  },
  {
    "id": "karmapob-han-34",
    "name": "Kpop Nara NYC Pop-Up",
    "member": "HAN",
    "album": "Karma",
    "category": "korean_pob",
    "img": null
  },
  {
    "id": "karmapob-han-35",
    "name": "Kpop Nara NYC Pop-Up freebie",
    "member": "HAN",
    "album": "Karma",
    "category": "korean_pob",
    "img": null
  },
  {
    "id": "karmapob-han-36",
    "name": "HMV LD1",
    "member": "HAN",
    "album": "Karma",
    "category": "korean_pob",
    "img": null
  },
  {
    "id": "karmapob-han-37",
    "name": "HMV LD2",
    "member": "HAN",
    "album": "Karma",
    "category": "korean_pob",
    "img": null
  },
  {
    "id": "karmapob-han-38",
    "name": "KMStation 2",
    "member": "HAN",
    "album": "Karma",
    "category": "korean_pob",
    "img": null
  },
  {
    "id": "karmapob-han-39",
    "name": "Starriver VC",
    "member": "HAN",
    "album": "Karma",
    "category": "korean_pob",
    "img": null
  },
  {
    "id": "karmapob-han-40",
    "name": "FansShop LD Realtouch",
    "member": "HAN",
    "album": "Karma",
    "category": "korean_pob",
    "img": null
  },
  {
    "id": "karmapob-han-41",
    "name": "KMStation VC",
    "member": "HAN",
    "album": "Karma",
    "category": "korean_pob",
    "img": null
  },
  {
    "id": "karmapob-han-42",
    "name": "Counting Stars VC",
    "member": "HAN",
    "album": "Karma",
    "category": "korean_pob",
    "img": null
  },
  {
    "id": "karmapob-han-43",
    "name": "KMStation 3",
    "member": "HAN",
    "album": "Karma",
    "category": "korean_pob",
    "img": null
  },
  {
    "id": "karmapob-han-44",
    "name": "FansShop VC",
    "member": "HAN",
    "album": "Karma",
    "category": "korean_pob",
    "img": null
  },
  {
    "id": "karmapob-han-45",
    "name": "FansShop LD R2",
    "member": "HAN",
    "album": "Karma",
    "category": "korean_pob",
    "img": null
  },
  {
    "id": "karmapob-han-46",
    "name": "Soundwave VC",
    "member": "HAN",
    "album": "Karma",
    "category": "korean_pob",
    "img": null
  },
  {
    "id": "karmapob-han-47",
    "name": "Soundwave Japan Week 1",
    "member": "HAN",
    "album": "Karma",
    "category": "korean_pob",
    "img": null
  },
  {
    "id": "karmapob-han-48",
    "name": "Soundwave Japan Week 2",
    "member": "HAN",
    "album": "Karma",
    "category": "korean_pob",
    "img": null
  },
  {
    "id": "karmapob-han-49",
    "name": "KMStation 4",
    "member": "HAN",
    "album": "Karma",
    "category": "korean_pob",
    "img": null
  },
  {
    "id": "karmapob-han-50",
    "name": "HMV LD3",
    "member": "HAN",
    "album": "Karma",
    "category": "korean_pob",
    "img": null
  },
  {
    "id": "karmapob-han-51",
    "name": "Broadcast week 1",
    "member": "HAN",
    "album": "Karma",
    "category": "korean_pob",
    "img": null
  },
  {
    "id": "karmapob-han-52",
    "name": "Broadcast week 2",
    "member": "HAN",
    "album": "Karma",
    "category": "korean_pob",
    "img": null
  },
  {
    "id": "karmapob-felix-01",
    "name": "Aladdin",
    "member": "Felix",
    "album": "Karma",
    "category": "korean_pob",
    "img": null
  },
  {
    "id": "karmapob-felix-02",
    "name": "BDM ",
    "member": "Felix",
    "album": "Karma",
    "category": "korean_pob",
    "img": null
  },
  {
    "id": "karmapob-felix-03",
    "name": "Fans Shop ",
    "member": "Felix",
    "album": "Karma",
    "category": "korean_pob",
    "img": null
  },
  {
    "id": "karmapob-felix-04",
    "name": "Skzoo",
    "member": "Felix",
    "album": "Karma",
    "category": "korean_pob",
    "img": null
  },
  {
    "id": "karmapob-felix-05",
    "name": "Music Korea",
    "member": "Felix",
    "album": "Karma",
    "category": "korean_pob",
    "img": null
  },
  {
    "id": "karmapob-felix-06",
    "name": "Music Plant",
    "member": "Felix",
    "album": "Karma",
    "category": "korean_pob",
    "img": null
  },
  {
    "id": "karmapob-felix-07",
    "name": "Soundwave ",
    "member": "Felix",
    "album": "Karma",
    "category": "korean_pob",
    "img": null
  },
  {
    "id": "karmapob-felix-08",
    "name": "Yes24",
    "member": "Felix",
    "album": "Karma",
    "category": "korean_pob",
    "img": null
  },
  {
    "id": "karmapob-felix-09",
    "name": "Target ",
    "member": "Felix",
    "album": "Karma",
    "category": "korean_pob",
    "img": null
  },
  {
    "id": "karmapob-felix-10",
    "name": "Barnes&Noble",
    "member": "Felix",
    "album": "Karma",
    "category": "korean_pob",
    "img": null
  },
  {
    "id": "karmapob-felix-11",
    "name": "Withmuu",
    "member": "Felix",
    "album": "Karma",
    "category": "korean_pob",
    "img": null
  },
  {
    "id": "karmapob-felix-12",
    "name": "Makestar",
    "member": "Felix",
    "album": "Karma",
    "category": "korean_pob",
    "img": null
  },
  {
    "id": "karmapob-felix-13",
    "name": "Everline",
    "member": "Felix",
    "album": "Karma",
    "category": "korean_pob",
    "img": null
  },
  {
    "id": "karmapob-felix-14",
    "name": "Dear My Muse",
    "member": "Felix",
    "album": "Karma",
    "category": "korean_pob",
    "img": null
  },
  {
    "id": "karmapob-felix-15",
    "name": "Apple Music",
    "member": "Felix",
    "album": "Karma",
    "category": "korean_pob",
    "img": null
  },
  {
    "id": "karmapob-felix-16",
    "name": "Starriver",
    "member": "Felix",
    "album": "Karma",
    "category": "korean_pob",
    "img": null
  },
  {
    "id": "karmapob-felix-17",
    "name": "KMStation",
    "member": "Felix",
    "album": "Karma",
    "category": "korean_pob",
    "img": null
  },
  {
    "id": "karmapob-felix-18",
    "name": "Counting Stars",
    "member": "Felix",
    "album": "Karma",
    "category": "korean_pob",
    "img": null
  },
  {
    "id": "karmapob-felix-19",
    "name": "Fans Pre-Listening",
    "member": "Felix",
    "album": "Karma",
    "category": "korean_pob",
    "img": null
  },
  {
    "id": "karmapob-felix-20",
    "name": "Soundwave LD R1",
    "member": "Felix",
    "album": "Karma",
    "category": "korean_pob",
    "img": null
  },
  {
    "id": "karmapob-felix-21",
    "name": "Soundwave LD R2",
    "member": "Felix",
    "album": "Karma",
    "category": "korean_pob",
    "img": null
  },
  {
    "id": "karmapob-felix-22",
    "name": "Pop-up md Benefit R1",
    "member": "Felix",
    "album": "Karma",
    "category": "korean_pob",
    "img": null
  },
  {
    "id": "karmapob-felix-23",
    "name": "Pop-up md Benefit R2",
    "member": "Felix",
    "album": "Karma",
    "category": "korean_pob",
    "img": null
  },
  {
    "id": "karmapob-felix-24",
    "name": "Stamp rally Pop-Up",
    "member": "Felix",
    "album": "Karma",
    "category": "korean_pob",
    "img": null
  },
  {
    "id": "karmapob-felix-25",
    "name": "Nemoz",
    "member": "Felix",
    "album": "Karma",
    "category": "korean_pob",
    "img": null
  },
  {
    "id": "karmapob-felix-26",
    "name": "Pouch Pop up MD",
    "member": "Felix",
    "album": "Karma",
    "category": "korean_pob",
    "img": null
  },
  {
    "id": "karmapob-felix-27",
    "name": "Uniform Tshirt Pop-up MD",
    "member": "Felix",
    "album": "Karma",
    "category": "korean_pob",
    "img": null
  },
  {
    "id": "karmapob-felix-28",
    "name": "JYP Japan",
    "member": "Felix",
    "album": "Karma",
    "category": "korean_pob",
    "img": null
  },
  {
    "id": "karmapob-felix-29",
    "name": "Sony Music",
    "member": "Felix",
    "album": "Karma",
    "category": "korean_pob",
    "img": null
  },
  {
    "id": "karmapob-felix-32",
    "name": "HMV",
    "member": "Felix",
    "album": "Karma",
    "category": "korean_pob",
    "img": null
  },
  {
    "id": "karmapob-felix-33",
    "name": "HMV Online",
    "member": "Felix",
    "album": "Karma",
    "category": "korean_pob",
    "img": null
  },
  {
    "id": "karmapob-felix-34",
    "name": "Kpop Nara NYC Pop-Up",
    "member": "Felix",
    "album": "Karma",
    "category": "korean_pob",
    "img": null
  },
  {
    "id": "karmapob-felix-35",
    "name": "Kpop Nara NYC Pop-Up freebie",
    "member": "Felix",
    "album": "Karma",
    "category": "korean_pob",
    "img": null
  },
  {
    "id": "karmapob-felix-36",
    "name": "HMV LD1",
    "member": "Felix",
    "album": "Karma",
    "category": "korean_pob",
    "img": null
  },
  {
    "id": "karmapob-felix-37",
    "name": "HMV LD2",
    "member": "Felix",
    "album": "Karma",
    "category": "korean_pob",
    "img": null
  },
  {
    "id": "karmapob-felix-38",
    "name": "KMStation 2",
    "member": "Felix",
    "album": "Karma",
    "category": "korean_pob",
    "img": null
  },
  {
    "id": "karmapob-felix-39",
    "name": "Starriver VC",
    "member": "Felix",
    "album": "Karma",
    "category": "korean_pob",
    "img": null
  },
  {
    "id": "karmapob-felix-40",
    "name": "FansShop LD Realtouch",
    "member": "Felix",
    "album": "Karma",
    "category": "korean_pob",
    "img": null
  },
  {
    "id": "karmapob-felix-41",
    "name": "KMStation VC",
    "member": "Felix",
    "album": "Karma",
    "category": "korean_pob",
    "img": null
  },
  {
    "id": "karmapob-felix-42",
    "name": "Counting Stars VC",
    "member": "Felix",
    "album": "Karma",
    "category": "korean_pob",
    "img": null
  },
  {
    "id": "karmapob-felix-43",
    "name": "KMStation 3",
    "member": "Felix",
    "album": "Karma",
    "category": "korean_pob",
    "img": null
  },
  {
    "id": "karmapob-felix-44",
    "name": "FansShop VC",
    "member": "Felix",
    "album": "Karma",
    "category": "korean_pob",
    "img": null
  },
  {
    "id": "karmapob-felix-45",
    "name": "FansShop LD R2",
    "member": "Felix",
    "album": "Karma",
    "category": "korean_pob",
    "img": null
  },
  {
    "id": "karmapob-felix-46",
    "name": "Soundwave VC",
    "member": "Felix",
    "album": "Karma",
    "category": "korean_pob",
    "img": null
  },
  {
    "id": "karmapob-felix-47",
    "name": "Soundwave Japan Week 1",
    "member": "Felix",
    "album": "Karma",
    "category": "korean_pob",
    "img": null
  },
  {
    "id": "karmapob-felix-48",
    "name": "Soundwave Japan Week 2",
    "member": "Felix",
    "album": "Karma",
    "category": "korean_pob",
    "img": null
  },
  {
    "id": "karmapob-felix-49",
    "name": "KMStation 4",
    "member": "Felix",
    "album": "Karma",
    "category": "korean_pob",
    "img": null
  },
  {
    "id": "karmapob-felix-50",
    "name": "HMV LD3",
    "member": "Felix",
    "album": "Karma",
    "category": "korean_pob",
    "img": null
  },
  {
    "id": "karmapob-felix-51",
    "name": "Broadcast week 1",
    "member": "Felix",
    "album": "Karma",
    "category": "korean_pob",
    "img": null
  },
  {
    "id": "karmapob-felix-52",
    "name": "Broadcast week 2",
    "member": "Felix",
    "album": "Karma",
    "category": "korean_pob",
    "img": null
  },
  {
    "id": "karmapob-seungmin-01",
    "name": "Aladdin",
    "member": "Seungmin",
    "album": "Karma",
    "category": "korean_pob",
    "img": null
  },
  {
    "id": "karmapob-seungmin-02",
    "name": "BDM ",
    "member": "Seungmin",
    "album": "Karma",
    "category": "korean_pob",
    "img": null
  },
  {
    "id": "karmapob-seungmin-03",
    "name": "Fans Shop ",
    "member": "Seungmin",
    "album": "Karma",
    "category": "korean_pob",
    "img": null
  },
  {
    "id": "karmapob-seungmin-04",
    "name": "Skzoo",
    "member": "Seungmin",
    "album": "Karma",
    "category": "korean_pob",
    "img": null
  },
  {
    "id": "karmapob-seungmin-05",
    "name": "Music Korea",
    "member": "Seungmin",
    "album": "Karma",
    "category": "korean_pob",
    "img": null
  },
  {
    "id": "karmapob-seungmin-06",
    "name": "Music Plant",
    "member": "Seungmin",
    "album": "Karma",
    "category": "korean_pob",
    "img": null
  },
  {
    "id": "karmapob-seungmin-07",
    "name": "Soundwave ",
    "member": "Seungmin",
    "album": "Karma",
    "category": "korean_pob",
    "img": null
  },
  {
    "id": "karmapob-seungmin-08",
    "name": "Yes24",
    "member": "Seungmin",
    "album": "Karma",
    "category": "korean_pob",
    "img": null
  },
  {
    "id": "karmapob-seungmin-09",
    "name": "Target ",
    "member": "Seungmin",
    "album": "Karma",
    "category": "korean_pob",
    "img": null
  },
  {
    "id": "karmapob-seungmin-10",
    "name": "Barnes&Noble",
    "member": "Seungmin",
    "album": "Karma",
    "category": "korean_pob",
    "img": null
  },
  {
    "id": "karmapob-seungmin-11",
    "name": "Withmuu",
    "member": "Seungmin",
    "album": "Karma",
    "category": "korean_pob",
    "img": null
  },
  {
    "id": "karmapob-seungmin-12",
    "name": "Makestar",
    "member": "Seungmin",
    "album": "Karma",
    "category": "korean_pob",
    "img": null
  },
  {
    "id": "karmapob-seungmin-13",
    "name": "Everline",
    "member": "Seungmin",
    "album": "Karma",
    "category": "korean_pob",
    "img": null
  },
  {
    "id": "karmapob-seungmin-14",
    "name": "Dear My Muse",
    "member": "Seungmin",
    "album": "Karma",
    "category": "korean_pob",
    "img": null
  },
  {
    "id": "karmapob-seungmin-15",
    "name": "Apple Music",
    "member": "Seungmin",
    "album": "Karma",
    "category": "korean_pob",
    "img": null
  },
  {
    "id": "karmapob-seungmin-16",
    "name": "Starriver",
    "member": "Seungmin",
    "album": "Karma",
    "category": "korean_pob",
    "img": null
  },
  {
    "id": "karmapob-seungmin-17",
    "name": "KMStation",
    "member": "Seungmin",
    "album": "Karma",
    "category": "korean_pob",
    "img": null
  },
  {
    "id": "karmapob-seungmin-18",
    "name": "Counting Stars",
    "member": "Seungmin",
    "album": "Karma",
    "category": "korean_pob",
    "img": null
  },
  {
    "id": "karmapob-seungmin-19",
    "name": "Fans Pre-Listening",
    "member": "Seungmin",
    "album": "Karma",
    "category": "korean_pob",
    "img": null
  },
  {
    "id": "karmapob-seungmin-20",
    "name": "Soundwave LD R1",
    "member": "Seungmin",
    "album": "Karma",
    "category": "korean_pob",
    "img": null
  },
  {
    "id": "karmapob-seungmin-21",
    "name": "Soundwave LD R2",
    "member": "Seungmin",
    "album": "Karma",
    "category": "korean_pob",
    "img": null
  },
  {
    "id": "karmapob-seungmin-22",
    "name": "Pop-up md Benefit R1",
    "member": "Seungmin",
    "album": "Karma",
    "category": "korean_pob",
    "img": null
  },
  {
    "id": "karmapob-seungmin-23",
    "name": "Pop-up md Benefit R2",
    "member": "Seungmin",
    "album": "Karma",
    "category": "korean_pob",
    "img": null
  },
  {
    "id": "karmapob-seungmin-24",
    "name": "Stamp rally Pop-Up",
    "member": "Seungmin",
    "album": "Karma",
    "category": "korean_pob",
    "img": null
  },
  {
    "id": "karmapob-seungmin-25",
    "name": "Nemoz",
    "member": "Seungmin",
    "album": "Karma",
    "category": "korean_pob",
    "img": null
  },
  {
    "id": "karmapob-seungmin-26",
    "name": "Pouch Pop up MD",
    "member": "Seungmin",
    "album": "Karma",
    "category": "korean_pob",
    "img": null
  },
  {
    "id": "karmapob-seungmin-27",
    "name": "Uniform Tshirt Pop-up MD",
    "member": "Seungmin",
    "album": "Karma",
    "category": "korean_pob",
    "img": null
  },
  {
    "id": "karmapob-seungmin-28",
    "name": "JYP Japan",
    "member": "Seungmin",
    "album": "Karma",
    "category": "korean_pob",
    "img": null
  },
  {
    "id": "karmapob-seungmin-29",
    "name": "Sony Music",
    "member": "Seungmin",
    "album": "Karma",
    "category": "korean_pob",
    "img": null
  },
  {
    "id": "karmapob-seungmin-32",
    "name": "HMV",
    "member": "Seungmin",
    "album": "Karma",
    "category": "korean_pob",
    "img": null
  },
  {
    "id": "karmapob-seungmin-33",
    "name": "HMV Online",
    "member": "Seungmin",
    "album": "Karma",
    "category": "korean_pob",
    "img": null
  },
  {
    "id": "karmapob-seungmin-34",
    "name": "Kpop Nara NYC Pop-Up",
    "member": "Seungmin",
    "album": "Karma",
    "category": "korean_pob",
    "img": null
  },
  {
    "id": "karmapob-seungmin-35",
    "name": "Kpop Nara NYC Pop-Up freebie",
    "member": "Seungmin",
    "album": "Karma",
    "category": "korean_pob",
    "img": null
  },
  {
    "id": "karmapob-seungmin-36",
    "name": "HMV LD1",
    "member": "Seungmin",
    "album": "Karma",
    "category": "korean_pob",
    "img": null
  },
  {
    "id": "karmapob-seungmin-37",
    "name": "HMV LD2",
    "member": "Seungmin",
    "album": "Karma",
    "category": "korean_pob",
    "img": null
  },
  {
    "id": "karmapob-seungmin-38",
    "name": "KMStation 2",
    "member": "Seungmin",
    "album": "Karma",
    "category": "korean_pob",
    "img": null
  },
  {
    "id": "karmapob-seungmin-39",
    "name": "Starriver VC",
    "member": "Seungmin",
    "album": "Karma",
    "category": "korean_pob",
    "img": null
  },
  {
    "id": "karmapob-seungmin-40",
    "name": "FansShop LD Realtouch",
    "member": "Seungmin",
    "album": "Karma",
    "category": "korean_pob",
    "img": null
  },
  {
    "id": "karmapob-seungmin-41",
    "name": "KMStation VC",
    "member": "Seungmin",
    "album": "Karma",
    "category": "korean_pob",
    "img": null
  },
  {
    "id": "karmapob-seungmin-42",
    "name": "Counting Stars VC",
    "member": "Seungmin",
    "album": "Karma",
    "category": "korean_pob",
    "img": null
  },
  {
    "id": "karmapob-seungmin-43",
    "name": "KMStation 3",
    "member": "Seungmin",
    "album": "Karma",
    "category": "korean_pob",
    "img": null
  },
  {
    "id": "karmapob-seungmin-44",
    "name": "FansShop VC",
    "member": "Seungmin",
    "album": "Karma",
    "category": "korean_pob",
    "img": null
  },
  {
    "id": "karmapob-seungmin-45",
    "name": "FansShop LD R2",
    "member": "Seungmin",
    "album": "Karma",
    "category": "korean_pob",
    "img": null
  },
  {
    "id": "karmapob-seungmin-46",
    "name": "Soundwave VC",
    "member": "Seungmin",
    "album": "Karma",
    "category": "korean_pob",
    "img": null
  },
  {
    "id": "karmapob-seungmin-47",
    "name": "Soundwave Japan Week 1",
    "member": "Seungmin",
    "album": "Karma",
    "category": "korean_pob",
    "img": null
  },
  {
    "id": "karmapob-seungmin-48",
    "name": "Soundwave Japan Week 2",
    "member": "Seungmin",
    "album": "Karma",
    "category": "korean_pob",
    "img": null
  },
  {
    "id": "karmapob-seungmin-49",
    "name": "KMStation 4",
    "member": "Seungmin",
    "album": "Karma",
    "category": "korean_pob",
    "img": null
  },
  {
    "id": "karmapob-seungmin-50",
    "name": "HMV LD3",
    "member": "Seungmin",
    "album": "Karma",
    "category": "korean_pob",
    "img": null
  },
  {
    "id": "karmapob-seungmin-51",
    "name": "Broadcast week 1",
    "member": "Seungmin",
    "album": "Karma",
    "category": "korean_pob",
    "img": null
  },
  {
    "id": "karmapob-seungmin-52",
    "name": "Broadcast week 2",
    "member": "Seungmin",
    "album": "Karma",
    "category": "korean_pob",
    "img": null
  },
  {
    "id": "karmapob-in-01",
    "name": "Aladdin",
    "member": "I.N.",
    "album": "Karma",
    "category": "korean_pob",
    "img": null
  },
  {
    "id": "karmapob-in-02",
    "name": "BDM ",
    "member": "I.N.",
    "album": "Karma",
    "category": "korean_pob",
    "img": null
  },
  {
    "id": "karmapob-in-03",
    "name": "Fans Shop ",
    "member": "I.N.",
    "album": "Karma",
    "category": "korean_pob",
    "img": null
  },
  {
    "id": "karmapob-in-04",
    "name": "Skzoo",
    "member": "I.N.",
    "album": "Karma",
    "category": "korean_pob",
    "img": null
  },
  {
    "id": "karmapob-in-05",
    "name": "Music Korea",
    "member": "I.N.",
    "album": "Karma",
    "category": "korean_pob",
    "img": null
  },
  {
    "id": "karmapob-in-06",
    "name": "Music Plant",
    "member": "I.N.",
    "album": "Karma",
    "category": "korean_pob",
    "img": null
  },
  {
    "id": "karmapob-in-07",
    "name": "Soundwave ",
    "member": "I.N.",
    "album": "Karma",
    "category": "korean_pob",
    "img": null
  },
  {
    "id": "karmapob-in-08",
    "name": "Yes24",
    "member": "I.N.",
    "album": "Karma",
    "category": "korean_pob",
    "img": null
  },
  {
    "id": "karmapob-in-09",
    "name": "Target ",
    "member": "I.N.",
    "album": "Karma",
    "category": "korean_pob",
    "img": null
  },
  {
    "id": "karmapob-in-10",
    "name": "Barnes&Noble",
    "member": "I.N.",
    "album": "Karma",
    "category": "korean_pob",
    "img": null
  },
  {
    "id": "karmapob-in-11",
    "name": "Withmuu",
    "member": "I.N.",
    "album": "Karma",
    "category": "korean_pob",
    "img": null
  },
  {
    "id": "karmapob-in-12",
    "name": "Makestar",
    "member": "I.N.",
    "album": "Karma",
    "category": "korean_pob",
    "img": null
  },
  {
    "id": "karmapob-in-13",
    "name": "Everline",
    "member": "I.N.",
    "album": "Karma",
    "category": "korean_pob",
    "img": null
  },
  {
    "id": "karmapob-in-14",
    "name": "Dear My Muse",
    "member": "I.N.",
    "album": "Karma",
    "category": "korean_pob",
    "img": null
  },
  {
    "id": "karmapob-in-15",
    "name": "Apple Music",
    "member": "I.N.",
    "album": "Karma",
    "category": "korean_pob",
    "img": null
  },
  {
    "id": "karmapob-in-16",
    "name": "Starriver",
    "member": "I.N.",
    "album": "Karma",
    "category": "korean_pob",
    "img": null
  },
  {
    "id": "karmapob-in-17",
    "name": "KMStation",
    "member": "I.N.",
    "album": "Karma",
    "category": "korean_pob",
    "img": null
  },
  {
    "id": "karmapob-in-18",
    "name": "Counting Stars",
    "member": "I.N.",
    "album": "Karma",
    "category": "korean_pob",
    "img": null
  },
  {
    "id": "karmapob-in-19",
    "name": "Fans Pre-Listening",
    "member": "I.N.",
    "album": "Karma",
    "category": "korean_pob",
    "img": null
  },
  {
    "id": "karmapob-in-20",
    "name": "Soundwave LD R1",
    "member": "I.N.",
    "album": "Karma",
    "category": "korean_pob",
    "img": null
  },
  {
    "id": "karmapob-in-21",
    "name": "Soundwave LD R2",
    "member": "I.N.",
    "album": "Karma",
    "category": "korean_pob",
    "img": null
  },
  {
    "id": "karmapob-in-22",
    "name": "Pop-up md Benefit R1",
    "member": "I.N.",
    "album": "Karma",
    "category": "korean_pob",
    "img": null
  },
  {
    "id": "karmapob-in-23",
    "name": "Pop-up md Benefit R2",
    "member": "I.N.",
    "album": "Karma",
    "category": "korean_pob",
    "img": null
  },
  {
    "id": "karmapob-in-24",
    "name": "Stamp rally Pop-Up",
    "member": "I.N.",
    "album": "Karma",
    "category": "korean_pob",
    "img": null
  },
  {
    "id": "karmapob-in-25",
    "name": "Nemoz",
    "member": "I.N.",
    "album": "Karma",
    "category": "korean_pob",
    "img": null
  },
  {
    "id": "karmapob-in-26",
    "name": "Pouch Pop up MD",
    "member": "I.N.",
    "album": "Karma",
    "category": "korean_pob",
    "img": null
  },
  {
    "id": "karmapob-in-27",
    "name": "Uniform Tshirt Pop-up MD",
    "member": "I.N.",
    "album": "Karma",
    "category": "korean_pob",
    "img": null
  },
  {
    "id": "karmapob-in-28",
    "name": "JYP Japan",
    "member": "I.N.",
    "album": "Karma",
    "category": "korean_pob",
    "img": null
  },
  {
    "id": "karmapob-in-29",
    "name": "Sony Music",
    "member": "I.N.",
    "album": "Karma",
    "category": "korean_pob",
    "img": null
  },
  {
    "id": "karmapob-in-32",
    "name": "HMV",
    "member": "I.N.",
    "album": "Karma",
    "category": "korean_pob",
    "img": null
  },
  {
    "id": "karmapob-in-33",
    "name": "HMV Online",
    "member": "I.N.",
    "album": "Karma",
    "category": "korean_pob",
    "img": null
  },
  {
    "id": "karmapob-in-34",
    "name": "Kpop Nara NYC Pop-Up",
    "member": "I.N.",
    "album": "Karma",
    "category": "korean_pob",
    "img": null
  },
  {
    "id": "karmapob-in-35",
    "name": "Kpop Nara NYC Pop-Up freebie",
    "member": "I.N.",
    "album": "Karma",
    "category": "korean_pob",
    "img": null
  },
  {
    "id": "karmapob-in-36",
    "name": "HMV LD1",
    "member": "I.N.",
    "album": "Karma",
    "category": "korean_pob",
    "img": null
  },
  {
    "id": "karmapob-in-37",
    "name": "HMV LD2",
    "member": "I.N.",
    "album": "Karma",
    "category": "korean_pob",
    "img": null
  },
  {
    "id": "karmapob-in-38",
    "name": "KMStation 2",
    "member": "I.N.",
    "album": "Karma",
    "category": "korean_pob",
    "img": null
  },
  {
    "id": "karmapob-in-39",
    "name": "Starriver VC",
    "member": "I.N.",
    "album": "Karma",
    "category": "korean_pob",
    "img": null
  },
  {
    "id": "karmapob-in-40",
    "name": "FansShop LD Realtouch",
    "member": "I.N.",
    "album": "Karma",
    "category": "korean_pob",
    "img": null
  },
  {
    "id": "karmapob-in-41",
    "name": "KMStation VC",
    "member": "I.N.",
    "album": "Karma",
    "category": "korean_pob",
    "img": null
  },
  {
    "id": "karmapob-in-42",
    "name": "Counting Stars VC",
    "member": "I.N.",
    "album": "Karma",
    "category": "korean_pob",
    "img": null
  },
  {
    "id": "karmapob-in-43",
    "name": "KMStation 3",
    "member": "I.N.",
    "album": "Karma",
    "category": "korean_pob",
    "img": null
  },
  {
    "id": "karmapob-in-44",
    "name": "FansShop VC",
    "member": "I.N.",
    "album": "Karma",
    "category": "korean_pob",
    "img": null
  },
  {
    "id": "karmapob-in-45",
    "name": "FansShop LD R2",
    "member": "I.N.",
    "album": "Karma",
    "category": "korean_pob",
    "img": null
  },
  {
    "id": "karmapob-in-46",
    "name": "Soundwave VC",
    "member": "I.N.",
    "album": "Karma",
    "category": "korean_pob",
    "img": null
  },
  {
    "id": "karmapob-in-47",
    "name": "Soundwave Japan Week 1",
    "member": "I.N.",
    "album": "Karma",
    "category": "korean_pob",
    "img": null
  },
  {
    "id": "karmapob-in-48",
    "name": "Soundwave Japan Week 2",
    "member": "I.N.",
    "album": "Karma",
    "category": "korean_pob",
    "img": null
  },
  {
    "id": "karmapob-in-49",
    "name": "KMStation 4",
    "member": "I.N.",
    "album": "Karma",
    "category": "korean_pob",
    "img": null
  },
  {
    "id": "karmapob-in-50",
    "name": "HMV LD3",
    "member": "I.N.",
    "album": "Karma",
    "category": "korean_pob",
    "img": null
  },
  {
    "id": "karmapob-in-51",
    "name": "Broadcast week 1",
    "member": "I.N.",
    "album": "Karma",
    "category": "korean_pob",
    "img": null
  },
  {
    "id": "karmapob-in-52",
    "name": "Broadcast week 2",
    "member": "I.N.",
    "album": "Karma",
    "category": "korean_pob",
    "img": null
  },
  {
    "id": "karmapob-unit-01",
    "name": "Walmart Bang Chan Hyunjin",
    "member": "UNIT",
    "album": "Karma",
    "category": "korean_pob",
    "img": null
  },
  {
    "id": "karmapob-unit-02",
    "name": "Walmart Lee Know HAN",
    "member": "UNIT",
    "album": "Karma",
    "category": "korean_pob",
    "img": null
  },
  {
    "id": "karmapob-unit-03",
    "name": "Walmart Changbin Seungmin",
    "member": "UNIT",
    "album": "Karma",
    "category": "korean_pob",
    "img": null
  },
  {
    "id": "karmapob-unit-04",
    "name": "Walmart Felix I.N.",
    "member": "UNIT",
    "album": "Karma",
    "category": "korean_pob",
    "img": null
  },
  {
    "id": "karmapob-unit-05",
    "name": "Soundwave LD1 Bang Chan Changbin HAN",
    "member": "UNIT",
    "album": "Karma",
    "category": "korean_pob",
    "img": null
  },
  {
    "id": "karmapob-unit-06",
    "name": "Soundwave LD1 Lee Know Hyunjin Felix",
    "member": "UNIT",
    "album": "Karma",
    "category": "korean_pob",
    "img": null
  },
  {
    "id": "karmapob-unit-07",
    "name": "Soundwave LD1 Seungmin I.N.",
    "member": "UNIT",
    "album": "Karma",
    "category": "korean_pob",
    "img": null
  },
  {
    "id": "karmapob-unit-08",
    "name": "Soundwave LD2 Bang Chan I.N,",
    "member": "UNIT",
    "album": "Karma",
    "category": "korean_pob",
    "img": null
  },
  {
    "id": "karmapob-unit-09",
    "name": "Soundwave LD2 Lee Know Changbin",
    "member": "UNIT",
    "album": "Karma",
    "category": "korean_pob",
    "img": null
  },
  {
    "id": "karmapob-unit-10",
    "name": "Soundwave LD2 Hyunjin Felix",
    "member": "UNIT",
    "album": "Karma",
    "category": "korean_pob",
    "img": null
  },
  {
    "id": "karmapob-unit-11",
    "name": "Soundwave LD2 Seungmin HAN",
    "member": "UNIT",
    "album": "Karma",
    "category": "korean_pob",
    "img": null
  }
]